classify,name,comment,star,price,address,quality,environment,service
美食,望蓉城老坛酸菜鱼(合生汇店),无,该商户暂无星级,125,翔殷路1099号合生汇5F,8.3,8.4,8.5
美食,泰国街边料理,74,准四星商户,48,黄兴路合生汇B2美食集市内,7.4,7.6,7.4
美食,壹面如故(苏宁生活广场店),265,准四星商户,21,邯郸路585号苏宁生活广场B1层,7.0,7.2,7.2
美食,鮨谷•Aburiya(合生汇店),2748,准五星商户,142,翔殷路1099号合生广场5楼23、28铺位,8.9,8.5,8.4
美食,我们的烤肉我们的馕,5,准四星商户,无,邯郸路399-D3号,7.5,6.8,7.5
美食,麦当劳(万达店),785,准四星商户,24,邯郸路600号万达商业广场B1楼A05号铺,7.4,7.2,7.2
美食,蒸年青STEAMYOUNG(百联又一城购物中心店),3779,准五星商户,70,淞沪路8号百联又一城购物中心7层,8.6,8.6,8.6
美食,丸来玩趣(百联又一城购物中心店),458,准四星商户,14,淞沪路8号百联又一城购物中心B1层,7.0,6.5,6.5
美食,韩国雪冰(合生汇店),1280,四星商户,47,翔殷路1099号合生汇4F,7.7,7.5,7.6
美食,小菜园新徽菜(五角场万达广场店),85,准五星商户,81,邯郸路600号万达商业广场特力时尚汇3层,8.5,8.9,9.0
美食,生日聚汇(杨浦店),2,准四星商户,无,淞沪路8号百联又一城6楼,7.0,7.0,7.0
美食,阿满鸡排(合生汇店),30,四星商户,17,翔殷路1099号合生汇4层,7.9,8.0,7.7
美食,莆田餐厅(百联又一城购物中心店),988,四星商户,150,淞沪路8号百联又一城购物中心7层,8.0,8.4,8.0
美食,旬彩(百联又一城购物中心店),152,准四星商户,16,淞沪路8号百联又一城购物中心B1层,7.2,7.1,7.2
美食,吴茂兴本帮面(五角场店),72,准四星商户,21,政旦东路34号,7.4,7.4,7.6
美食,雀舞云南菜(合生汇店),3627,四星商户,99,翔殷路1099号合生汇5F,8.0,8.5,8.6
美食,开心膳(joyeusesalade悦沙拉五角场店),4,准四星商户,无,邯郸路600号四楼D-001,7.4,7.4,7.4
美食,阳光客(城市集市合生汇店),336,准四星商户,79,黄兴路2228号合生汇B2层城市集市C8商户,7.1,7.6,7.7
美食,越打星YuetDaSing(合生汇店),264,四星商户,48,翔殷路1099号合生汇B2城市集市C9,8.0,7.7,7.8
美食,鲜榨果汁 Juice Bar(巴黎春天五角场店),4,三星商户,无,淞沪路1号巴黎春天B1层,6.8,6.8,6.9
美食,MAKA MAKA玛卡玛卡滋蛋仔(五角场店),67,四星商户,26,邯郸路399号D15-1号,8.2,8.4,8.4
美食,城市集市(合生汇店),226,准五星商户,47,黄兴路2228号合生汇B2层城市集市,8.4,8.5,8.2
美食,甜蜜食堂(杨浦店),2,准四星商户,无,淞沪路100号,7.2,7.2,7.2
美食,许留山(合生汇店),375,三星商户,35,翔殷路1099号合生汇4F,6.9,7.2,6.5
美食,汉蒸坊蒸汽海鲜主题餐厅(合生汇店),830,四星商户,165,翔殷路1099号合生汇5F,7.9,7.7,7.9
美食,千里香馄饨面,15,准四星商户,14,国定路125号,7.2,7.1,7.1
美食,REGENCY CLUB,1,准四星商户,无,国定东路86号,7.6,7.2,7.6
美食,星巴克(又一城店),1113,四星商户,36,淞沪路8号,7.6,7.4,7.4
美食,TEPPANYAKI XIANG,无,准四星商户,无,淞沪路77号特力时尚汇F4,6.5,6.9,6.9
美食,百武西茶饮(合生汇店),33,准四星商户,18,翔殷路1099号合生汇4层,6.9,7.2,7.1
美食,烧腊馆,3,准四星商户,无,邯郸路600号万达商业广场第一食品2楼,6.9,7.0,6.9
美食,夏の心情,2,准四星商户,无,淞沪路8号3层,6.9,6.9,6.9
休闲娱乐,梦想空间Dream Space影吧(五角场店),957,五星商户,106,政旦东路36号4楼国济路口,9.3,9.2,9.1
美食,i juice果之满满(特力时尚汇店),7,三星商户,无,邯郸路600号万达商业广场特力时尚汇1层,6.8,6.8,6.7
休闲娱乐,快乐菲莉HappyFeelingDIY烘焙(合生汇店),174,五星商户,116,五角场街道翔殷路1099号合生汇4楼25号,8.1,8.0,7.8
美食,意大利尚尼(东方商厦杨浦店),3,三星商户,无,四平路2500号东方商厦B1层,6.9,6.8,6.8
休闲娱乐,网鱼网咖(东方商厦店),126,四星商户,30,四平路2500号东方商厦1楼,7.3,7.5,8.0
美食,刘氏无明矾油条(四平路店),3,三星商户,无,四平路2138附近,6.6,6.6,6.6
休闲娱乐,自助茶馆,7,三星商户,无,淞沪路65号,7.8,7.7,8.1
美食,江西近邻小厨,无,该商户暂无星级,无,安图路15号第一间,7.1,7.1,7.1
休闲娱乐,皇后酒吧,2,四星商户,无,淞沪路97号,7.7,7.7,7.5
美食,澳琳达,无,该商户暂无星级,无,淞沪路8号百联又一城购物中心B1,无,数,据
休闲娱乐,爱车俱乐部 PPTV聚力游戏(苏宁生活广场店),无,准四星商户,无,邯郸路585号苏宁生活广场B1层,6.9,6.8,6.9
美食,苏州好再来,无,该商户暂无星级,无,国定路171一楼235摊位,6.9,6.9,6.9
休闲娱乐,单行道,无,该商户暂无星级,无,国定路与政法路交叉口西50米,无,数,据
美食,Eimio(百联又一城店),无,该商户暂无星级,无,淞沪路8号百联又一城B1层,7.8,8.0,7.3
休闲娱乐,ppg酒吧,无,该商户暂无星级,无,淞沪路88号,6.3,6.1,5.9
美食,肯德基(万达店),16114,四星商户,26,邯郸路608弄50号,8.2,8.0,7.9
购物,千百艺,无,该商户暂无星级,268,五角场,7.6,7.5,7.2
购物,润re(百联又一城购物中心店),61,五星商户,185,淞沪路8号百联又一城购物中心B1层,9.3,9.3,9.3
购物,名创优品(合生汇店),96,准四星商户,45,翔殷路1099号合生汇B2层,7.9,7.8,7.1
购物,ETUDEHOUSE(百联又一城店),9,准四星商户,无,淞沪路8号百联又一城B1层,7.3,7.2,7.2
购物,智慧微菜场,1,准四星商户,无,国宾路85号,7.0,6.9,7.2
购物,adidas(合生汇店),13,准四星商户,762,翔殷路1099号合生汇B1层,7.6,7.6,7.3
购物,izzue(合生汇店),9,准四星商户,无,黄兴路2228号上海合生国际广场地下一层B1-04-05号房屋,7.4,7.2,7.0
购物,添香防辐射服(宝大祥五角场店),52,准四星商户,660,邯郸路600号万达商业广场内1楼童装区,7.1,7.0,7.1
购物,CHARLES & KEITH(百联又一城店),132,准四星商户,409,淞沪路百联又一城B1楼,7.6,7.8,7.5
购物,蒸汽主义电子烟(百联又一城店),12,四星商户,602,淞沪路8号百联又一城5层,7.9,7.9,7.9
购物,Avene(巴黎春天五角场店),54,准四星商户,291,淞沪路1号巴黎春天1层,7.1,6.9,7.0
购物,HARBOR HOUSE(合生汇店),2,准四星商户,无,翔殷路1099号合生汇L2-13,6.9,6.9,6.9
购物,悦诗风吟五角场店,3,准四星商户,无,邯郸路662号,7.1,7.1,7.1
购物,SENDA森达(五角场又一城店),3,准四星商户,无,淞沪路8号又一城2楼,7.9,7.9,7.9
购物,ElizabethArden(巴黎春天店),41,四星商户,513,淞沪路1号巴黎春天1层,7.7,8.2,7.7
购物,爱屋集物(五角场店),5,三星商户,无,淞沪路77号万达广场B1层,7.4,7.3,7.4
购物,AUPRES(巴黎春天店),11,准四星商户,无,淞沪路1号巴黎春天1层,7.5,7.6,7.5
购物,同仁堂上海(百联又一城店),7,准四星商户,无,淞沪路8号百联又一城B1层,7.5,7.5,7.1
购物,中国黄金(五角场),52,四星商户,7313,淞沪路111号五角场万达广场珠宝城1楼,7.2,7.2,7.2
购物,熊本熊酷ma萌授权专卖店(五角场店),1,三星商户,无,特力时尚汇三楼,6.0,6.0,6.0
购物,金伯利钻石(五角场店),51,五星商户,8505,淞沪路77号万达广场1层A-7号,7.0,6.9,6.6
购物,me&city kids,无,三星商户,无,淞沪路1号万达广场B1,7.0,7.0,6.6
购物,eland(扬族百货店),3,准四星商户,无,淞沪路8号扬族百货2层,7.5,7.3,7.5
购物,Calvin Klein(百联又一城购物中心店),9,四星商户,无,淞沪路8号百联又一城购物中心B1层,7.9,7.9,7.9
购物,teenmix天美意(川沙百联购物中心店),37,准五星商户,315,川沙路5398号百联购物中心1楼,8.4,8.4,8.4
购物,圣迪奥(巴黎春天五角场店),21,准四星商户,740,淞沪路1号巴黎春天3层,7.2,7.1,7.2
购物,PUMA(扬族百货店),19,三星商户,无,淞沪路8号百联又一城扬族百货5层,6.8,6.7,6.0
购物,Samsonite(合生汇店),7,准四星商户,无,翔殷路1099号合生汇2F,7.7,7.7,7.5
购物,周大生珠宝(巴黎春天店),2,准四星商户,无,淞沪路1号巴黎春天1层,7.4,7.1,7.7
购物,EVISU(合生汇店),13,准四星商户,无,翔殷路1099号合生汇2层,7.7,7.9,7.0
购物,SU素原创时尚银饰店(五角场万达店),11,准四星商户,无,邯郸路600号万达商业广场B1楼,7.0,7.0,7.0
购物,谭木匠(542店),36,准四星商户,288,中环路七味烘焙旁,7.1,6.8,6.8
购物,上海复升唐装,1,准四星商户,无,政旦东路30-40号,7.3,7.3,7.3
美食,CandyLab糖果研究室(百联又一城购物中心店),170,准四星商户,45,淞沪路8号百联又一城购物中心B1层,7.0,7.2,7.2
购物,RAPIDO(百联又一城店),1,准四星商户,无,淞沪路8号百联又一城5层5F-9,7.2,7.2,7.2
美食,和番の丼飯(五角场店),5,准四星商户,无,国权东路172号,7.0,7.2,7.2
购物,口口照片书,2,准四星商户,无,淞沪路1号附近,7.2,7.2,7.2
美食,塔哈尔(五角场店),11168,四星商户,131,政通路189号万达商业广场特力时尚汇4楼409B号铺,8.3,8.4,8.5
购物,亚一珠宝,1,准四星商户,无,百联又一城1楼,7.2,7.2,7.2
美食,Mr Nice好好先生餐厅(五角场店),11169,四星商户,133,淞沪路8号百联又一城4楼S4-T25室,8.3,8.4,8.5
购物,Venilla Suite(合生国际店),无,准四星商户,无,黄兴路2228号上海合生国际广场地下一层B1-06-07-08号房屋,7.0,6.9,6.8
美食,洞子张老匠火锅(三号湾广场店),7276,四星商户,86,国定路333号三号湾广场2层,8.3,8.4,8.5
购物,千姿花卉(五角场店),1,准四星商户,无,四平路2500号金岛大厦15楼,7.5,7.1,7.1
美食,鹿港小镇(特力时尚汇店),205,四星商户,92,政通路189号特力时尚汇4F-2-A,8.3,8.4,8.5
购物,利郎,1,准四星商户,无,四平路2500号,7.1,7.1,7.1
美食,辣府(五角场店),886,准四星商户,84,淞沪路98号平盛大厦3楼,8.3,8.4,8.5
购物,RobertadiCamerino(巴黎春天店),3,准四星商户,无,淞沪路1号巴黎春天1层,7.1,6.9,7.0
美食,王妃家(五角场店),783,五星商户,235,政通路189号特力时尚汇1楼16-B,8.3,8.4,8.5
美食,爱咪欧冻酸奶Eimio(百联又一城购物中心店),774,四星商户,24,淞沪路8号百联又一城购物中心B1层,7.0,7.2,7.2
美食,海底捞火锅(五角场店),8152,五星商户,352,邯郸路585号苏宁电器五层,8.3,8.4,8.5
美食,西树泡芙(第一食品店),54,准四星商户,27,邯郸路600号第一食品1F,7.0,7.2,7.2
美食,哥老官重庆美蛙鱼头(五角场合生汇六哥店),12519,五星商户,148,黄兴路2228号上海合生国际广场3F-045室,8.3,8.4,8.5
美食,桂满陇-十里风荷(合生汇店),11177,准五星商户,125,黄兴路2188号合生汇L4层,8.3,8.4,8.5
美食,DQ(五角场万达影院店),81,三星商户,23,邯郸路600号,7.0,7.2,7.2
美食,Hi味花甲(特力时尚汇店),828,四星商户,32,邯郸路600号万达商业广场特力时尚汇1层,7.4,7.6,7.4
美食,红辣椒(杨浦店),21341,五星商户,125,邯郸路399号财富大酒店A区2楼,8.3,8.4,8.5
美食,章鱼烧takoyaki,18,准四星商户,无,黄兴路2228号合生汇B2楼,7.0,7.2,7.2
美食,爱茜茜里意大利健康冰淇淋(百联又一城购物中心店),5087,四星商户,36,淞沪路8号百联又一城购物中心B1层,7.4,7.6,7.4
美食,青花椒砂锅鱼(合生汇店),328,准五星商户,125,翔殷路1099合生汇地下二层,8.3,8.4,8.5
美食,轻食主义(五角场店),3,准四星商户,45,黄兴路2218号合生汇大厦22楼,7.0,7.2,7.2
美食,成都你六姐冒菜是一绝,136,准四星商户,41,黄兴路2228号合生汇B2层城市集市C15商铺,7.4,7.6,7.4
美食,蟹榭(五角场合生汇商场店),3350,准五星商户,125,翔殷路1099号合生汇2F51号,8.3,8.4,8.5
美食,古法传统牛肉汤,7,准四星商户,14,国定路131号,7.0,7.2,7.2
美食,避风塘(百联又一城店),4387,准四星商户,82,淞沪路8号百联又一城购物中心6层,7.4,7.6,7.4
美食,龙庭琇厨(上海店),1056,五星商户,125,国定东路88号凯悦酒店7楼,8.3,8.4,8.5
美食,都可茶饮(百联又一城购物中心店),354,准四星商户,10,淞沪路8号百联又一城购物中心B1层,7.0,7.2,7.2
美食,woomy丸米寿司(万达店),311,准四星商户,80,淞沪路77号万达广场A区B1层,7.4,7.6,7.4
美食,谷牛零度•牛小排烧肉,330,准五星商户,125,邯郸路600号万达商业广场特力时尚汇4层,8.3,8.4,8.5
美食,鲜度拔群,23,准四星商户,67,淞沪路77号万达广场B1层,7.0,7.2,7.2
美食,小宫山浩二芝士挞(合生汇店),528,准四星商户,23,翔殷路1099号合生汇B2层,7.4,7.6,7.4
美食,快乐柠檬(五角场合生汇店),7,准四星商户,无,黄兴路2228号合生汇4楼,7.0,7.2,7.2
美食,味千拉面(万达广场店),416,准五星商户,43,淞沪路77号万达广场A区B1层,7.4,7.6,7.4
美食,家有好面(合生汇店),358,准四星商户,39,翔殷路1099号合生汇B2,7.4,7.6,7.4
美食,鹤越,1,准四星商户,无,五角场翔殷路,7.0,7.2,7.2
美食,COSTA COFFEE(五角场百联又一城店),377,四星商户,38,淞沪路8号sm-2/sm-3,7.4,7.6,7.4
美食,麥播春餅(五角场店),473,准四星商户,34,政通路189号万达广场B1,7.4,7.6,7.4
美食,世界茶饮(邯郸路店),7,准四星商户,无,邯郸路585号苏宁生活广场B1层1-2号,7.0,7.2,7.2
美食,必胜客(又一城店),1353,准四星商户,77,凇沪路8号B1,7.4,7.6,7.4
美食,肯德基(淞沪店),324,准四星商户,36,淞沪路8号7楼,7.4,7.6,7.4
美食,现磨咖啡(政旦东路店),93,四星商户,17,政旦东路36号,7.0,7.2,7.2
美食,Godiva(百联又一城店),351,四星商户,45,淞沪路8号B1层G09-B01-1-038,7.4,7.6,7.4
美食,赵崽儿川式面品(城市集市合生汇店),808,准四星商户,33,黄兴路2228号合生汇B2层城市集市C2商铺,7.4,7.6,7.4
美食,左庭右院鲜牛肉火锅(特力时尚汇店),5016,五星商户,130,邯郸路600号万达商业广场特力时尚汇4层,8.9,8.5,8.4
美食,爱晒蒸汽海鲜主题餐厅,1981,准五星商户,162,五角场国济路30—16,8.9,8.5,8.4
美食,煲宫(五角场店),2918,准五星商户,115,政旦东路36号2楼,8.9,8.5,8.4
美食,王品牛排(上海五角场店),3158,准五星商户,385,淞沪路8号百联又一城7F,8.9,8.5,8.4
美食,琵琶蛮-咫尺姑苏(百联又一城店),3689,准五星商户,97,淞沪路8号百联又一城购物中心7层,8.9,8.5,8.4
美食,METOOCATE米桃餐厅(五角场特力时尚汇店),879,准五星商户,80,政通路189号特力时尚汇4F-14,8.9,8.5,8.4
美食,海达人蒸汽海鲜主题餐厅(合生汇店),4615,准五星商户,175,翔殷路1099号合生汇4F,8.9,8.5,8.4
美食,伊秀寿司(合生汇店),2410,准五星商户,120,翔殷路1099号合生汇5F,8.9,8.5,8.4
美食,蛙遇—十三香炭烧牛蛙(特力时尚汇店),2139,准五星商户,89,政通路万达商业广场C座特力时尚汇4楼,8.9,8.5,8.4
美食,老香斋(五角场店),44,准四星商户,26,邯郸路600号第一食品商店(近淞沪路,7.5,6.8,7.5
美食,南京大牌档(百联又一城店),14266,准五星商户,65,淞沪路8号百联又一城购物中心6层,8.9,8.5,8.4
美食,武汉热干面(五角场店),3,准四星商户,无,国宾路91-4号,7.5,6.8,7.5
美食,嘻游记(合生汇店),6371,准五星商户,127,翔殷路1099号合生汇4F,8.9,8.5,8.4
美食,摩提工房(黄兴路店),15,准四星商户,20,黄兴路2228号合生汇B2,7.5,6.8,7.5
美食,巡湘记(合生汇店),1612,准五星商户,96,翔殷路1099号合生汇4F,8.9,8.5,8.4
美食,9o后饭吧,7,准四星商户,无,淞沪路6O5号,7.5,6.8,7.5
美食,YK烧肉居酒屋,187,准五星商户,129,翔殷路1099号合生汇5楼L5-03,8.9,8.5,8.4
美食,馍道传奇(太平洋森活天地店),8,三星商户,无,五角场淞沪路太平洋森活天地A-1-2-1,7.5,6.8,7.5
美食,金时代顺风大酒店(四平路店),4903,准五星商户,138,四平路2500号东方商厦5楼,8.9,8.5,8.4
美食,养生粥,无,三星商户,无,四平路2085号,7.5,6.8,7.5
美食,来伊份(百联又一城二店),134,准四星商户,57,淞沪路8号,7.5,6.8,7.5
美食,芒果香山(合生汇店),497,四星商户,33,翔殷路1099号合生汇B2,7.4,7.2,7.2
美食,星巴克(五角场万达影城店),135,准四星商户,35,上海五角场万达商业广场万达影城国宾路58号3楼,7.4,7.2,7.2
美食,Roots(合生汇店),1,准四星商户,无,翔殷路1099号合生汇2层,7.5,6.8,7.5
美食,味千拉面(又一城店),2158,准四星商户,45,淞沪路8号百联又一城7层14、15、16室,7.4,7.2,7.2
美食,山崎面包(万达店),1447,准四星商户,22,淞沪路77号万达广场1层D-08号,7.4,7.2,7.2
美食,love ice factory(五角场店),134,准四星商户,24,淞沪路77号万达广场B1层,7.5,6.8,7.5
美食,TEAMORO爱你大肉（城市集市合生汇店）(合生汇店),79,四星商户,25,翔殷路1099号合生汇B2层,7.4,7.2,7.2
美食,长白山韩国烧烤店(国定路),3503,准五星商户,86,国定路346号2楼,8.6,8.6,8.6
美食,妯娌老鸭粉丝汤,130,三星商户,19,苏宁电器B1层,7.5,6.8,7.5
美食,中街1946(城市集市合生汇店),303,四星商户,16,黄兴路2228号合生汇B2层城市集市C16商铺,7.4,7.2,7.2
美食,将太无二(合生汇店),5222,四星商户,154,翔殷路1099号合生汇三层L3-01,8.6,8.6,8.6
美食,瑞蜜可乌云冰淇淋(合生汇店),99,准四星商户,33,翔殷路1099号合生汇B2,7.5,6.8,7.5
美食,果之满满鲜榨果蔬汁(五角场万达店),898,四星商户,20,政通路189号万达商业广场特力屋1F25-3号,7.4,7.2,7.2
美食,大渝火锅(五角场万达店),3183,准五星商户,123,邯郸路600号万达商业广场特力时尚汇1层,8.6,8.6,8.6
美食,VQ鲜榨果汁(万达广场五角场店),318,四星商户,16,淞沪路77号万达广场B1层,7.5,6.8,7.5
美食,DQ(五角场万达店),4422,四星商户,24,政通路189号万达广场特力时尚汇1楼,7.4,7.2,7.2
美食,bluefrog蓝蛙(五角场万达店),628,准五星商户,135,淞沪路77号万达广场B区1层D-22、23、25-1号,8.6,8.6,8.6
美食,GONGCHA贡茶(百联又一城店),14,三星商户,无,淞沪路8号百联又一城B1层,7.5,6.8,7.5
美食,萨莉亚(特力时尚汇店),4598,准四星商户,36,邯郸路600号万达商业广场特力时尚汇3层,7.4,7.2,7.2
美食,天辣绿色时尚餐厅(合生汇店),3276,准五星商户,108,翔殷路1099号合生汇5F,8.6,8.6,8.6
美食,馍道传奇(城市集市合生汇店),73,准四星商户,18,黄兴路2228号合生汇国际广场B2层城市集市B4商铺,7.5,6.8,7.5
美食,RB巡茶(合生广场店),579,四星商户,19,黄兴路2228号合生国际广场B2-33A号,7.4,7.2,7.2
美食,大渝火锅(合生汇店),5936,准五星商户,130,翔殷路1099号合生汇B1,8.6,8.6,8.6
美食,阿甘锅盔(特力时尚汇店),274,准四星商户,10,邯郸路600号万达商业广场特力时尚汇4层,7.4,7.2,7.2
美食,渝网小面·烧烤(特力时尚汇店),1758,四星商户,32,邯郸路600号万达商业广场特力时尚汇1层,7.4,7.2,7.2
美食,谷色天香(合生汇店),3151,四星商户,98,翔殷路1099号合生汇5F,8.6,8.6,8.6
美食,忆元香香香锅(合生汇店),714,准四星商户,63,翔殷路1099号合生汇B2,7.4,7.2,7.2
美食,冬音面(城市集市合生汇店),1009,准四星商户,48,黄兴路2228号合生汇B2层城市集市C12商铺,7.4,7.2,7.2
美食,JOLIE.HOUSE-有一个锅(五角场店),9165,准五星商户,80,国庠路43号,8.6,8.6,8.6
美食,麻小麻辣诱惑(百联又一城店),7309,准五星商户,118,淞沪路8号百联又一城7层G09-7F-1-001,8.6,8.6,8.6
美食,诺瓦咖啡西餐厅,15,三星商户,89,黄兴路2200号蓝天宾馆2楼,7.0,6.5,6.5
美食,春及炙肉碳火烧肉(特力时尚汇店),2565,准五星商户,106,政通路189号五角场万达商业广场特力时尚汇5层,8.6,8.6,8.6
美食,绝味鸭脖(国济路店),169,准四星商户,23,五角场国济路20-3号,7.0,6.5,6.5
美食,茶巷,267,准五星商户,21,五角场邯郸路585号苏宁易购地下一层B-7-4,8.6,8.6,8.6
美食,粤潮粥店(邯郸路店),102,三星商户,16,淞沪路77号万达广场2层,7.0,6.5,6.5
美食,Cii-Cup(合生汇店),392,四星商户,55,翔殷路1099号合生汇B2层-24号露天广场中,8.6,8.6,8.6
美食,happyfeeling(合生汇店),19,准四星商户,24,翔殷路1099号合生汇4F,7.0,6.5,6.5
美食,OUTBACK澳拜客(合生汇店),2030,四星商户,207,翔殷路1099号合生汇2F,8.6,8.6,8.6
美食,candy lab糖果研究室(合生汇店),2,准四星商户,无,翔殷路1099号合生国际广场B1-K-18号,7.0,6.5,6.5
美食,纯饮轻断食代餐果蔬汁(五角场配送点),8,准四星商户,无,四平路2500号4F,7.0,6.5,6.5
美食,CoCo都可(政旦东店),10,准四星商户,14,杨浦区政旦东路40号,7.0,6.5,6.5
美食,鹿港小镇,2,三星商户,无,邯郸路496号,7.0,6.5,6.5
美食,铁斧炸鸡,2,准四星商户,无,五角场合生汇B2城市广场,7.0,6.5,6.5
美食,摩提工房(万达店),130,准四星商户,20,淞沪路77号万达广场1层,7.0,6.5,6.5
美食,优之良品(百联又一城购物中心店),27,三星商户,55,淞沪路8号百联又一城购物中心B1层,7.0,6.5,6.5
美食,薯正堂,45,准四星商户,27,邯郸路576号,7.0,6.5,6.5
美食,遇见奶牛,23,准四星商户,13,邯郸路399号,7.0,6.5,6.5
美食,吉祥馄饨(国济店),22,准四星商户,20,国济路30号-13间,7.0,6.5,6.5
美食,满记甜品(黄兴店),805,四星商户,35,杨浦区四平路2500号东方商厦二层B19-F02-1-018商铺,7.7,7.5,7.6
美食,吴茂兴本帮面(百联又一城店),43,准四星商户,19,国济路1号,7.7,7.5,7.6
美食,阿香米线(巴黎春天五角场店),447,准四星商户,34,淞沪路77号万达广场B区B1层33A号,7.7,7.5,7.6
美食,Pizza Express 马上诺(五角场店),2561,准五星商户,115,淞沪路8号五角场百联又一城购物中心7楼7-2室,8.5,8.9,9.0
美食,渣甸街(合生汇店),180,准四星商户,42,黄兴路2228号合生汇B2层城市集市C4号商铺,7.7,7.5,7.6
美食,熊本豚骨(百联又一城购物中心店),2,准四星商户,45,淞沪路8号,7.7,7.5,7.6
美食,simply thai天泰餐厅(五角场合生广场店),2841,四星商户,168,翔殷路1099号合生广场5楼,8.5,8.9,9.0
美食,贡茶(五角场店),2729,四星商户,17,四平路2547号,7.7,7.5,7.6
美食,宜芝多(百联又一城购物中心店),372,准四星商户,35,淞沪路8号百联又一城购物中心B1层,7.7,7.5,7.6
美食,乐凯撒·榴莲比萨(合生汇店),1898,准五星商户,75,黄兴路2228号合生汇B2楼,8.5,8.9,9.0
美食,宇治茶铺(五角场合生汇店),902,准四星商户,19,杨浦区黄兴路2218号合生汇B2层,7.7,7.5,7.6
美食,hotpark热啊东南亚美食(合生汇店),4024,四星商户,95,翔殷路1099号合生汇B2-03,8.5,8.9,9.0
美食,靓灶民间菜(特力时尚汇店),3005,准五星商户,81,邯郸路600号万达商业广场特力时尚汇3层,8.5,8.9,9.0
美食,五月锦日本铁板烧(合生汇店),523,准四星商户,138,翔殷路合生汇国际广场5F-24,7.7,7.5,7.6
美食,鱼非鱼(合生汇店),4529,四星商户,111,翔殷路1099号合生汇5F,8.5,8.9,9.0
美食,Simply Italian小意馆(合生广场店),1468,四星商户,162,黄兴路2228号上海合生国际广场2楼,8.5,8.9,9.0
美食,zoo coffee(百联又一城购物中心店),1761,准四星商户,40,淞沪路8号百联又一城购物中心6层,7.7,7.5,7.6
美食,鹅夫人(上海五角场店),8819,四星商户,127,五角场万达广场特力时尚汇4楼,8.5,8.9,9.0
美食,蒙羊天骄宴(合生汇店),3588,四星商户,100,翔殷路1099号合生汇5F,8.5,8.9,9.0
美食,十二泷町(五角场店),149,准四星商户,14,淞沪路77号万达广场1层,7.7,7.5,7.6
美食,西贝莜面村(上海五角场万达店),13969,准五星商户,87,政通路189号特力时尚汇5楼503号铺,8.5,8.9,9.0
美食,潮记1975点心专门店(合生汇店),949,四星商户,97,翔殷路1099号合生汇B2,8.5,8.9,9.0
美食,杨国福麻辣烫(五角场政旦东路店),1110,准四星商户,31,政旦东路40号,7.7,7.5,7.6
美食,LELECHA乐乐茶(五角场万达广场店),3108,四星商户,34,淞沪路77号万达广场B1层,8.5,8.9,9.0
美食,三顾冒菜(五角场二店),14,准四星商户,38,国济路28号,7.0,7.0,7.0
美食,赛百味(百联又一城购物中心店),1392,四星商户,26,淞沪路8号百联又一城购物中心B1层,7.7,7.5,7.6
美食,云海肴云南菜(百联又一城购物中心店),3202,准五星商户,98,淞沪路8号百联又一城购物中心7层,8.5,8.9,9.0
美食,森记肠粉,4,准四星商户,无,邯郸路600号万达广场特力时尚汇2楼,7.0,7.0,7.0
美食,蓉李记成都名小吃(五角场万达店),2181,准四星商户,34,淞沪路77号万达广场B1层,7.7,7.5,7.6
美食,夏1999精致本帮料理(合生汇店),525,四星商户,106,翔殷路1099号合生汇B1-63,8.5,8.9,9.0
美食,吉菓菓,3,准四星商户,无,五角场国庠路温州银行对面,7.0,7.0,7.0
美食,如意果(城市集市合生汇店),86,准四星商户,22,黄兴路2228号合生汇国际广场B2层城市集市B3商铺,7.0,7.0,7.0
美食,顽味设计院(五角场配送站),1,三星商户,50,政通路189号,7.0,7.0,7.0
美食,OCE coffee,16,准四星商户,25,五角场黄兴路,7.0,7.0,7.0
美食,台资味(五角场店),13,准四星商户,22,邯郸路399号A3,7.9,8.0,7.7
美食,诺德牛排杯,10,三星商户,无,国济路12号,7.0,7.0,7.0
美食,四云奶盖贡茶(合生汇店),406,准四星商户,18,翔殷路1099号合生广场L4-23号,7.9,8.0,7.7
美食,西北郎户外烧烤配送站(五角场店),2,准四星商户,无,邯郸路585号,7.0,7.0,7.0
美食,面包新语咖啡(合生汇店),318,准四星商户,26,五角场黄兴路2188号合生汇B2-42B,7.9,8.0,7.7
美食,大食堂中式茶餐厅,6,准四星商户,无,黄兴路,7.0,7.0,7.0
美食,花丸乌冬面(五角场店),711,准四星商户,39,黄兴路2228号合生国际广场地下二层42A号,7.9,8.0,7.7
美食,来伊份(沃尔玛淞沪路店),10,准四星商户,35,淞沪路125号沃尔玛第F1层1017F2F0022号铺位,7.0,7.0,7.0
美食,Hot Town火汤(五角场苏宁店),399,准四星商户,26,邯郸路585号，苏宁生活广场B1层1-2号,7.9,8.0,7.7
美食,分子冰淇淋,4,准四星商户,无,国定东路26号,7.0,7.0,7.0
美食,1454's cafe(五角场店),229,准四星商户,22,五角场国济路政旦东路路口,7.9,8.0,7.7
美食,小杨生煎(五角场食品一店),5628,四星商户,11,邯郸路600号,7.0,7.0,7.0
美食,志大同,1240,准四星商户,16,四平路2138号,7.9,8.0,7.7
美食,royaltea皇茶,1,准四星商户,无,邯郸路446弄1号,7.0,7.0,7.0
美食,贝儿多爸爸泡芙工房(百联又一城购物中心店),880,四星商户,21,淞沪路8号百联又一城购物中心B1层,7.9,8.0,7.7
美食,豫申园城隍庙小吃世界(政旦东路店),128,三星商户,20,政旦东路32号五角场,7.0,7.0,7.0
美食,京元脆皮烤鸭,1,准四星商户,无,国定路171号255,7.9,8.0,7.7
美食,黍糖茶屋(合生汇店),13,准四星商户,27,五角场翔殷路1099号合生汇广场2楼L2-32/33号铺位,7.9,8.0,7.7
美食,Regiustea天御皇茶(合生汇店),4594,四星商户,19,翔殷路1099号合生汇5F,8.0,8.4,8.0
美食,与串有约主题烤吧,6,三星商户,无,国济路30号,7.2,7.1,7.2
美食,食之秘(万达五角场店),4559,四星商户,55,淞沪路77号万达广场B1层B-36-37号,7.9,8.0,7.7
美食,粉越西贡(合生汇店),1173,四星商户,65,翔殷路1099号合生汇国际广场4F-27号,8.0,8.4,8.0
美食,福建千里香馄饨王,15,准四星商户,11,国宾路89号,7.2,7.1,7.2
美食,MERRY BERRY蔓柏瑞冻酸奶(万达广场五角场店),238,四星商户,20,淞沪路77号万达广场B1层,7.9,8.0,7.7
美食,加州厨房CaliforniaKitchen(百联又一城购物中心店),372,四星商户,57,淞沪路8号百联又一城购物中心7层,8.0,8.4,8.0
美食,COCO壱番屋(百联又一城店),551,准四星商户,50,淞沪路8号百联又一城B1楼49号商铺,7.4,7.4,7.6
美食,新北木瓜牛奶(百联又一城购物中心店),184,四星商户,20,淞沪路8号百联又一城购物中心B1层,7.9,8.0,7.7
美食,椰庭(合生汇店),1724,四星商户,136,翔殷路1099号合生汇5F,8.0,8.4,8.0
美食,橙空间·法式铁板烧(城市集市合生汇店),499,准四星商户,88,黄兴路2228号合生汇国际广场B2层城市集市C1商铺,7.4,7.4,7.6
美食,1点点,5,准四星商户,无,淞沪路77号万达广场1层,7.9,8.0,7.7
美食,丽江印象源味斑鱼府,740,准五星商户,136,国济路9号,8.0,8.4,8.0
美食,星巴克(东方商厦店),31,四星商户,37,四平路2500号东方商厦1层,7.4,7.4,7.6
美食,Pizza Marzano玛尚诺(合生汇店),263,准五星商户,125,黄兴路2228号上海合生汇广场地上一层36、37号,8.0,8.4,8.0
美食,80街区美式餐厅(合生汇店),863,四星商户,101,翔殷路1099号合生汇4楼,8.0,8.4,8.0
美食,宜芝多(五角场店),4,准四星商户,无,五角场地铁站5号出口处,7.4,7.4,7.6
美食,稻香(五角场店),11344,四星商户,89,淞沪路8号百联又一城购物中心8楼8-12室,8.0,8.4,8.0
美食,57度湘(特力时尚汇店),6892,四星商户,107,邯郸路600号万达商业广场特力时尚汇4层,8.0,8.4,8.0
美食,米芝莲(五角场万达广场店),568,准四星商户,20,中环路五角场万达广场第一食品一楼C区,7.4,7.4,7.6
美食,星怡会(合生汇店),4436,四星商户,105,翔殷路1099号合生汇2F,8.0,8.4,8.0
美食,july’sjuice(百联又一城购物中心店),12,准四星商户,21,淞沪路8号百联又一城购物中心B1层,7.2,7.1,7.2
美食,纯汁味(合生汇店),157,四星商户,18,翔殷路1099号合生汇B2,7.4,7.4,7.6
美食,曼哈顿自助海鲜(合生汇店),5784,四星商户,126,翔殷路1099号合生汇3F,8.0,8.4,8.0
美食,绝味鸭脖(苏宁生活广场店),32,准四星商户,24,邯郸路585号苏宁生活广场B1层,7.2,7.1,7.2
美食,周黑鸭(上海五角场万达店),17,准四星商户,28,政通路189号特力时尚汇广场1F-32-d,7.4,7.4,7.6
美食,云海肴云南菜(特力时尚汇店),4376,准五星商户,95,邯郸路600号万达商业广场特力时尚汇2层,8.0,8.4,8.0
美食,鸭血粉丝汤,11,准四星商户,21,国济路12号,7.2,7.1,7.2
美食,辣三疯(特力时尚汇店),5,准四星商户,无,邯郸路600号特力时尚汇1层,7.4,7.4,7.6
美食,西树泡芙(城市集市合生汇店),137,四星商户,18,黄兴路2228号合生汇B2层城市集市C10,7.4,7.4,7.6
美食,兵哥龙虾,56,四星商户,82,四平路2093号,7.2,7.1,7.2
美食,老盛昌苏州汤包馆(国定路店),641,准四星商户,15,四平路2142号,7.4,7.4,7.6
美食,星期五翻糖蛋糕(五角场万达店),9,准四星商户,无,淞沪路77号万达广场B1层02-3号,7.4,7.4,7.6
美食,LACTIS Gelato Italiano意式冰淇淋(合生汇店),1,准四星商户,无,翔殷路1099号合生汇,7.2,7.1,7.2
美食,快乐柠檬(特力时尚汇店),1034,准四星商户,11,邯郸路600号万达商业广场特力时尚汇1层,7.4,7.4,7.6
美食,蚝记海鲜烧烤,2,准四星商户,无,五角场邯郸路,7.2,7.1,7.2
美食,HEY JUICE茶桔便(城市集市合生店),115,准四星商户,16,黄兴路2228号合生汇B2层城市集市A6,7.4,7.4,7.6
美食,火烫麻辣(苏宁生活广场店),7,三星商户,无,邯郸路585号苏宁生活广场B1层,7.2,7.1,7.2
美食,仰望包角布(百联又一城购物中心店),847,准四星商户,28,淞沪路8号百联又一城购物中心B1层,7.4,7.4,7.6
美食,GONG CHA(特力时尚汇店),2,准四星商户,无,邯郸路600号万达商业广场特力时尚汇1层,7.2,7.1,7.2
美食,呱呱叫干锅主题餐厅,3535,四星商户,88,国济路30号,8.0,8.5,8.6
美食,JUICY  ROYALE(中影合生汇店),5,三星商户,无,翔殷路1099号地上四层21号,7.2,7.1,7.2
美食,不二茶铺·原麦(五角场合生汇店),302,四星商户,32,翔殷路1099号L2-49,8.0,8.5,8.6
美食,味千拉面(淞沪三分店),1870,三星商户,42,淞沪路77号万达广场B1层,7.2,7.1,7.2
美食,大咀港式茶餐厅(特力时尚汇店),7786,四星商户,82,邯郸路600号万达商业广场特力时尚汇2层,8.0,8.5,8.6
美食,丸来玩趣(特力屋店),39,三星商户,18,政通路189号1F-31-1/1F-31-2,7.2,7.1,7.2
美食,棒约翰比萨(五角场万达店),1587,准五星商户,66,政通路189号特力时尚汇2楼,8.0,8.5,8.6
美食,三林(三林大红肠国定路店),无,三星商户,无,国定路171号,7.2,7.1,7.2
美食,小辉哥火锅(百联又一城购物中心店),4192,准五星商户,139,淞沪路8号百联又一城购物中心7层,8.0,8.5,8.6
美食,望湘园(五角场店),8171,四星商户,89,政通路189号万达广场特力时尚汇5F,8.0,8.5,8.6
美食,新疆风味,2,准四星商户,无,邯郸路399号d3,7.4,7.4,7.4
美食,瘦马,470,准四星商户,20,四平路五角场地铁站苏宁出口,7.1,7.6,7.7
美食,56°cake花盆蛋糕(合生汇店),521,四星商户,42,翔殷路1099号合生汇5F,8.0,8.5,8.6
美食,老上海葱油饼,7,四星商户,无,国定路171号305店铺,7.1,7.6,7.7
美食,夏拉拉便当轻食(五角场店),1,准四星商户,无,五角场黄兴路,7.4,7.4,7.4
美食,1点点(合生汇店),229,四星商户,15,翔殷路1099号合生汇B2,8.0,8.5,8.6
美食,阿满鸡排(五角场万达店),178,准四星商户,17,淞沪路77号万达广场C区1层,7.1,7.6,7.7
美食,东北小院(邯郸路店),10,准四星商户,16,邯郸路399号,7.4,7.4,7.4
美食,港丽餐厅(百联又一城购物中心店),3631,四星商户,105,淞沪路8号百联又一城购物中心6层,8.0,8.5,8.6
美食,50岚(五角场森活天地店),25,准四星商户,17,松沪路199号太平洋森活天地A-1-1号,7.1,7.6,7.7
美食,烨焰红唇串串香,88,二星商户,39,五角场国济路12号,7.4,7.4,7.4
美食,狠牛火锅料理(特力时尚汇店),113,四星商户,93,特力时尚汇1楼,8.0,8.5,8.6
美食,谷田稻香(五角场万达店),19,准四星商户,31,淞沪路77号万达广场地下一层A-02-1,7.1,7.6,7.7
美食,粢饭团摊,1,准四星商户,无,五角场翔殷路公交站往西走十米的小巷子往北拐十米,7.4,7.4,7.4
美食,花御烧(合生汇店),934,四星商户,82,翔殷路1099号合生汇B2,8.0,8.5,8.6
美食,凯悦酒店嘉宾轩,2,准四星商户,无,四平路2482号,7.1,7.6,7.7
美食,虞家锅盔,27,准四星商户,12,五角场万达B1,7.1,7.6,7.7
美食,MANGOSIX(合生汇店),566,四星商户,42,翔殷路1099号合生汇2楼-46铺位旁边,8.0,8.5,8.6
美食,牛排研究室(特力时尚汇店),107,准四星商户,95,邯郸路600号万达商业广场特力时尚汇5层,7.1,7.6,7.7
美食,苹果花园(四平路店),539,准四星商户,25,四平路2093号-3,7.1,7.6,7.7
美食,外婆家(又一城店),12085,四星商户,67,淞沪路8号百联又一城6楼24号铺,8.0,8.5,8.6
美食,三只小小猪(城市集市合生汇店),178,三星商户,20,黄兴路2228号合生汇B2层城市集市A2,7.1,7.6,7.7
美食,肯德基(邯郸店),161,三星商户,19,"""邯郸路585号地下一层B-2",7.1,7.6,7.7
美食,渔珍鲜(五角场店),3,准四星商户,60,邯郸路600号第一食品商店1楼,7.4,7.4,7.4
美食,精致上海本帮菜,563,准四星商户,94,邯郸路第一食品商店3楼,7.1,7.6,7.7
美食,火神の肉(百联又一城购物中心店),711,准四星商户,104,淞沪路8号百联又一城购物中心B1层,7.1,7.6,7.7
美食,林檎,5,准四星商户,无,国济路1号,7.4,7.4,7.4
美食,郑佳豪大大鸡排&奶茶,3,准四星商户,无,四平路2138号,7.4,7.4,7.4
美食,捉虾,1829,四星商户,117,邯郸路399号,7.1,7.6,7.7
美食,冠生园月饼,1,准四星商户,无,邯郸路600号第一食品1楼,7.4,7.4,7.4
美食,茶泰(合生汇店),345,四星商户,16,翔殷路1099号合生汇B2,8.0,7.7,7.8
美食,Godiva(上海合生汇店),160,四星商户,50,翔殷路1099号L1-44B,8.0,7.7,7.8
美食,炉鱼(五角场合生广场店),2394,准四星商户,86,翔殷路1099号上海合生汇B2楼07号,8.0,7.7,7.8
美食,红唇串串香(合生汇店),473,四星商户,33,翔殷路1099号合生国际广场B2层C14室,8.0,7.7,7.8
美食,奉茶(五角场店),148,准五星商户,19,五角场国宾路99号,8.0,7.7,7.8
美食,小辉哥火锅(合生国际店),1620,四星商户,133,黄兴路2228号L5-04号,8.0,7.7,7.8
美食,爱晒·我家酸菜鱼,283,四星商户,83,五角场国济路30—5,8.0,7.7,7.8
美食,表叔茶餐厅(合生汇店),4309,四星商户,70,翔殷路1099号合生汇B2,8.0,7.7,7.8
美食,和府捞面(合生店),2340,四星商户,44,翔殷路1099号，合生广场B2－02,8.0,7.7,7.8
美食,寻蛙记炭烧牛蛙餐厅(合生汇店),2757,四星商户,103,翔殷路1099号合生汇5F,8.0,7.7,7.8
美食,爱微卡(五角场店),33,准四星商户,27,邯郸路399号D9铺,7.4,7.4,7.4
美食,东北风(特力时尚汇店),4773,四星商户,57,邯郸路600号万达商业广场特力时尚汇1层,8.0,7.7,7.8
美食,中国（上海）创业者公共实训基地食堂,1,准四星商户,无,国定东路200号2号楼1楼,7.4,7.4,7.4
美食,南粤春大酒店,648,四星商户,236,黄兴路2200号蓝天宾馆3/4层,8.0,7.7,7.8
美食,农夫烤薯,8,准四星商户,无,五角场邯郸路孺子牛杂旁,7.4,7.4,7.4
美食,一笼小确幸(合生汇店),3673,四星商户,87,黄兴路2228号合生国际广场4层,8.0,7.7,7.8
美食,家乡阁,189,准四星商户,59,邯郸路399号,7.4,7.4,7.4
美食,TPlus茶家(特力时尚汇店),811,四星商户,18,邯郸路600号万达商业广场特力时尚汇1层,8.0,7.7,7.8
美食,水果羮八宝粥,11,准四星商户,无,政通路285弄,7.4,7.4,7.4
美食,串行天下(城市集市合生汇店),67,准四星商户,27,黄兴路1167号,8.2,8.4,8.4
美食,味锦(城市集市合生汇店),252,准四星商户,23,黄兴路合生汇国际广场B2层,8.2,8.4,8.4
美食,吴妈私房鱼圆,1,准四星商户,无,邯郸路397号,6.8,6.8,6.9
美食,缘丰料理(城市集市合生汇店),190,准四星商户,77,黄兴路2228号合生汇B2层城市集市C5商铺,8.2,8.4,8.4
美食,弄堂模子(老上海味道),24,准四星商户,20,五角场街道邯郸路399号,8.2,8.4,8.4
美食,碗上叫鸡(邯郸路店),5,准四星商户,无,邯郸路399号底楼A3,6.8,6.8,6.9
美食,唐饼家(百联又一城购物中心店),62,准四星商户,80,淞沪路8号百联又一城购物中心B1层,8.2,8.4,8.4
美食,文本hahatea,41,三星商户,17,国宾路91号-5,8.2,8.4,8.4
美食,凌鹭阁,3,准四星商户,无,邯郸路399号,6.8,6.8,6.9
美食,和米堂(百联又一城),152,准四星商户,19,淞沪路8号,8.2,8.4,8.4
美食,撸啊撸串,5,准四星商户,无,翔殷路1099号合生汇B2,8.2,8.4,8.4
美食,三个国王,1,准四星商户,无,邯郸路600号第一食品商店,6.8,6.8,6.9
美食,红房子西点(万达店),187,准四星商户,36,淞沪路77号万达广场2层,8.2,8.4,8.4
美食,wein friends,5,准四星商户,无,淞沪路8号百联又一城八楼,6.8,6.8,6.9
美食,港式铁板炒饭(大学路店),6,准四星商户,无,政通路189号,6.8,6.8,6.9
美食,爱茜茜里意大利健康冰淇淋(五角场万达店),1583,四星商户,30,淞沪路77号万达广场B1层146号,8.2,8.4,8.4
美食,越光米,6,准四星商户,无,黄兴路1167号,6.8,6.8,6.9
美食,星轩咖啡,23,准四星商户,12,国宾路100号,6.8,6.8,6.9
美食,Joytalk 沙拉(五角场店),114,准四星商户,33,黄兴路2228号地下二层04号,8.2,8.4,8.4
美食,天使之橙,10,准四星商户,14,10号线五角场站内,6.8,6.8,6.9
美食,三六九农家菜,3,准四星商户,无,五角场地铁旁,6.8,6.8,6.9
美食,快乐柠檬(合生汇二店),218,准四星商户,14,黄兴路2228号合生汇B2层40、41、47号,8.2,8.4,8.4
美食,CoCo都可茶饮（邯郸路店）(代购),4,三星商户,无,邯郸路589号,6.8,6.8,6.9
美食,红布坊脆皮鸡米饭,20,准四星商户,24,邯郸路399号,6.8,6.8,6.9
美食,爱不腻(城市集市合生汇店),81,准四星商户,23,黄兴路2228号合生汇B2层城市集市B5商铺,8.2,8.4,8.4
美食,八点醒黑糖甜品店(合生汇店),922,四星商户,21,翔殷路1099号合生汇B2,8.4,8.5,8.2
美食,sushi yano,1,三星商户,无,四平路2450号,6.8,6.8,6.9
美食,鸡排超人(合生汇店),80,准四星商户,19,翔殷路1099号合生汇B2,8.2,8.4,8.4
美食,禾绿回转寿司(百联又一城购物中心店),6057,四星商户,84,淞沪路8号百联又一城购物中心4层,8.4,8.5,8.2
美食,沙拉密语,1,三星商户,无,淞沪路8号第六层G09-F06-1-020室,6.8,6.8,6.9
美食,星巴克(上海合生国际广场店),354,四星商户,38,翔殷路1099号上海合生国际广场B1,8.4,8.5,8.2
美食,和府捞面(百联又一城店),387,四星商户,44,沪淞路8号百联又一城7楼,8.4,8.5,8.2
美食,独钓寒江(五角场万达店),2789,四星商户,94,政通路189号万达广场特力时尚汇3层,8.4,8.5,8.2
美食,卡旺卡(万达广场五角场店),2392,四星商户,15,淞沪路77号万达广场B区B1层,8.4,8.5,8.2
美食,卡乐星(合生汇店),720,四星商户,41,翔殷路1099号合生汇B2,8.4,8.5,8.2
美食,HEY JUICE茶桔便(国济路店),144,准四星商户,17,国济路12号,6.9,7.2,6.5
美食,小杨生煎(合生汇店),639,四星商户,23,黄兴路2228号合生汇B2楼,8.4,8.5,8.2
美食,唐饼家(五角场店),424,准四星商户,44,淞沪路77号万达广场1层,6.9,7.2,6.5
美食,米芝莲(城市集市合生汇店),602,四星商户,23,黄兴路2228号合生汇B2层城市集市C11,8.4,8.5,8.2
美食,木仔记(百联又一城购物中心店),434,准四星商户,17,淞沪路8号百联又一城购物中心B1层,6.9,7.2,6.5
美食,川城(特力时尚汇店),941,四星商户,93,邯郸路600号万达商业广场特力时尚汇4层,8.4,8.5,8.2
美食,图门烧烤(四平路店),5,三星商户,无,四平路2081号,6.9,7.2,6.5
美食,彼得家牧场(百联又一城购物中心店),589,四星商户,93,淞沪路8号百联又一城购物中心B1层,8.4,8.5,8.2
美食,必胜客(邯郸店),2006,三星商户,70,淞沪路77号B-13,6.9,7.2,6.5
美食,鱼酷活鱼现烤(五角场万达店),3188,四星商户,96,政通路189号万达特力时尚汇4楼407号铺,8.4,8.5,8.2
美食,爱咪欧冻酸奶Eimio(合生汇店),587,四星商户,24,翔殷路1099号合生汇B2,6.9,7.2,6.5
美食,夜航者吧式串烤餐厅(五角场店),1107,四星商户,100,四平路2138号2楼,8.4,8.5,8.2
美食,泰芒了,6,准四星商户,无,五角场翔殷路,6.9,7.2,6.5
美食,赤九港品(合生汇店),715,四星商户,17,翔殷路1099号合生汇4F,8.4,8.5,8.2
美食,三町目,4,准四星商户,无,翔殷路1099号合生广场6楼,6.9,7.2,6.5
美食,爱茜茜里意大利健康冰淇淋(东方商厦杨浦店),803,四星商户,33,四平路2500号东方商厦B1层,6.9,7.2,6.5
美食,湘水情,30,准四星商户,27,邯郸路399号红街食坊A7,7.2,7.2,7.2
美食,爆爆椒香辣虾干锅三绝(五角场总店),10834,四星商户,73,国济路12号,7.9,7.7,7.9
美食,恒记冰室(五角场店),337,准四星商户,17,淞沪路77号万达广场C区1层003号,6.9,7.2,6.5
美食,满记甜品(又一城店),3185,四星商户,34,淞沪路8号B1－6商铺,7.9,7.7,7.9
美食,royaltea 皇茶(四平路店),13,准四星商户,无,四平路2138号,7.2,7.2,7.2
美食,龙门花甲时尚海鲜,22,准四星商户,24,邯郸路399号D10-11,6.9,7.2,6.5
美食,胜博殿日式炸猪排(合生汇店),1024,准四星商户,98,翔殷路1099号合生汇4F,7.9,7.7,7.9
美食,一食当家,1,准四星商户,无,五角场第一食品二楼,7.2,7.2,7.2
美食,世界茶饮,21,准四星商户,19,四平路2492号,6.9,7.2,6.5
美食,汉堡王(上海五角场店),4903,准四星商户,27,"""政通路189号近淞沪路",7.9,7.7,7.9
美食,City Mart,1,准四星商户,无,中环路合生汇B2层,7.2,7.2,7.2
美食,哆可牛乳茶,15,准四星商户,无,邯郸路399号D10-11室,6.9,7.2,6.5
美食,哈根达斯(上海又一城店),872,准四星商户,83,淞沪路8号一楼G09-F01-1-1026.1027,7.9,7.7,7.9
美食,开心丽果,3,准四星商户,无,五角场万达广场城中城B1层,7.2,7.2,7.2
美食,宜芝多(江湾体育场店),5,准四星商户,无,江湾体育场3号口,6.9,7.2,6.5
美食,CHOP CHOP steak bar(合生汇直营店),920,四星商户,97,黄兴路2228号合生国际广场B2层城市集市A5商铺,7.9,7.7,7.9
美食,印湘一家有态度的湘菜馆,1,准四星商户,无,国定东路26号,7.2,7.2,7.2
美食,泰国榴莲酥,22,三星商户,19,邯郸路报刊亭旁,7.2,7.2,7.2
美食,瞒着爹海派中式名点(合生汇店),684,四星商户,18,翔殷路1099号合生汇B2,7.9,7.7,7.9
美食,湘亲,2,准四星商户,无,五角场国路51号2号楼一层,7.2,7.2,7.2
美食,福荣祥(政云店),2,准四星商户,无,五角场店,7.2,7.2,7.2
美食,糖纸甜品(合生汇店),980,准四星商户,28,翔殷路1099号合生汇B2,7.9,7.7,7.9
美食,ammon,1,准四星商户,无,五角场,7.2,7.2,7.2
美食,徽州特色,3,准四星商户,无,四平路2400号-118号,7.2,7.2,7.2
美食,丰收日(五角场店),3369,准四星商户,154,四平路2152号1-3楼,7.9,7.7,7.9
美食,十二泷町,1,准四星商户,无,江湾体育场地铁站B1层太平洋森活天地A-13号快乐柠檬旁边,7.2,7.2,7.2
美食,烧卤老鹅铺(特力时尚汇店),2,准四星商户,无,邯郸路600号万达商业广场特力时尚汇1层,7.2,7.2,7.2
美食,蜀面椒羞(五角场店),159,准五星商户,28,邯郸路585号苏宁生活广场项目地下一层B_7_3区,7.9,7.7,7.9
美食,NAR GOURMET FESTIVAL,3,准四星商户,无,政通路189号万达商业广场,7.2,7.2,7.2
美食,桃园眷村(五角场店),1114,准四星商户,33,国宾路万达广场36号1F,7.9,7.7,7.9
美食,宝寿司(国济路店),1412,准四星商户,44,国济路16号,7.6,7.2,7.6
美食,莉莲蛋挞(百联又一城购物中心店),2221,四星商户,14,淞沪路8号百联又一城购物中心B1层,7.9,7.7,7.9
美食,CoCo都可(五角场苏宁店),214,准四星商户,12,杨浦区邯郸路585号苏宁生活广场项目地下层部分B-8-4区域,7.6,7.2,7.6
美食,元祖食品(四平路店),119,四星商户,278,四平路2136号,7.9,7.7,7.9
美食,粥的名义,6,准四星商户,无,邯郸路399号,7.6,7.2,7.6
美食,Popaholic珀·赫丽爆米花,453,准五星商户,33,万达广场C坐写字楼B1层靠近沃尔玛超市,7.9,7.7,7.9
美食,三顾冒菜(五角场店),128,准四星商户,42,邯郸路399-A-2号,7.6,7.2,7.6
美食,久留米寿司(百联又一城购物中心店),145,准四星商户,46,淞沪路8号百联又一城购物中心B1层,7.6,7.2,7.6
美食,西府堡肉夹馍(国济路店),314,准四星商户,9,国济路16号,7.6,7.2,7.6
美食,蜀地冒菜,7,准四星商户,39,四平路2085号,7.6,7.2,7.6
美食,正新鸡排(国济路店),23,准四星商户,无,国济路9号,7.6,7.2,7.6
美食,沙拉疯saladfun(五角场店),34,准四星商户,33,邯郸路600号第一食品一楼,7.6,7.2,7.6
美食,zoocoffee(合生汇店),455,三星商户,37,翔殷路1099号合生汇3F,7.6,7.2,7.6
美食,蓝天宾馆.南粤春宴会厅,26,准四星商户,无,黄兴路2075-2083号新蓝天宾馆3-4楼,7.6,7.2,7.6
美食,美珍香(五角场苏宁店),3,准四星商户,无,邯郸路585号苏宁电器B1层,7.6,7.2,7.6
美食,果汁满满,38,四星商户,20,政通路与国宾路交汇五角场特立时尚汇1楼,7.6,7.2,7.6
美食,徽仔爆鱼王,28,准四星商户,31,政法路171号,7.2,7.1,7.1
美食,矮子老鸭粉丝汤,245,准四星商户,19,国济路12号,7.6,7.2,7.6
美食,陈师傅糖醋排骨,8,准四星商户,无,四平路与国定路交叉口旁,7.2,7.1,7.1
美食,现磨咖啡(黄兴路店),8,准四星商户,无,黄兴路2077号,7.2,7.1,7.1
美食,iceason,无,准四星商户,无,政通路189号特力时尚汇1楼,7.2,7.1,7.1
美食,丸龟制面(杨浦又一城店),3644,四星商户,37,杨浦区淞沪路8号百联又一城购物中心B1楼,7.6,7.4,7.4
美食,食家物语(又一城店),12,准四星商户,无,淞沪路8号百联又一城购物中心B1楼,7.2,7.1,7.1
美食,甜品屋,无,准四星商户,无,淞沪路77号特力时尚汇F1,7.2,7.1,7.1
美食,好多签串串香火锅(特力时尚汇店),3453,准四星商户,107,邯郸路600号万达商业广场特力时尚汇4层,7.6,7.4,7.4
美食,发记甜品,无,准四星商户,无,五角场万达广场特力时尚汇,7.2,7.1,7.1
美食,五角场凯悦酒店The Lounge,39,四星商户,152,国定东路88号6楼,7.6,7.4,7.4
美食,掌上韩品(百联又一城购物中心店),607,准四星商户,36,淞沪路8号百联又一城购物中心B1层,7.6,7.4,7.4
美食,可口可乐,无,准四星商户,无,国滨路58号宝大祥儿童购物中心F3国宾路,7.2,7.1,7.1
美食,红宝石(合生汇店),33,准四星商户,24,翔殷路1099号合生汇B2层,7.6,7.4,7.4
美食,光之乳酪(百联又一城店),545,准四星商户,27,淞沪路8号百联又一城B1,7.6,7.4,7.4
美食,巴芙勒,1,准四星商户,无,中环路合生广场旁,7.2,7.1,7.1
美食,宜芝多(五角场店),2841,四星商户,24,淞沪路77号万达广场1层,7.6,7.4,7.4
美食,奶熊半熟乳酪(百联又一城购物中心店),232,四星商户,43,淞沪路8号百联又一城购物中心B1层,7.6,7.4,7.4
美食,狸小意,无,准四星商户,无,翔殷路1099号合生汇B2,7.2,7.1,7.1
美食,精悦蓉(合生汇店),1159,准四星商户,82,翔殷路1099号合生汇B2,7.6,7.4,7.4
美食,泰国街边料理,74,准四星商户,48,黄兴路合生汇B2美食集市内,7.6,7.4,7.4
美食,SunFlower,无,准四星商户,无,国滨路58号宝大祥儿童购物中心F1,7.2,7.1,7.1
美食,沐优清饮(合生汇店),328,四星商户,18,翔殷路1099号合生汇B2-48号,7.6,7.4,7.4
美食,爱茜茜里(城市集市合生汇店),99,准四星商户,36,黄兴路2228号合生汇B2层城市集市A1,6.9,7.2,7.1
美食,巷上甜品(五角场),2,准四星商户,无,邯郸路546号,7.2,7.1,7.1
美食,不二烫捞(城市集市合生汇店),598,四星商户,32,黄兴路2228号合生汇B2层城市集市B6商铺,7.6,7.4,7.4
美食,CoCo都可(五角场万达二店),43,准四星商户,13,杨浦区五角场万达广场室内步行街地下一层B-38号商铺,6.9,7.2,7.1
美食,凉皮凉面,无,准四星商户,无,国宾路285弄,7.2,7.1,7.1
美食,禾绿回转寿司(万达店),3479,四星商户,76,政通路189号特力时尚汇4楼,7.6,7.4,7.4
美食,红宝石蛋糕店,12,三星商户,无,黄兴路2077号,6.9,7.2,7.1
美食,澳人坊(万达店),12,准四星商户,37,淞沪路77号万达广场1层,7.2,7.1,7.1
美食,小杨生煎(百联又一城店),35,四星商户,20,淞沪路8号B1层G09-B1-050室,7.6,7.4,7.4
美食,烤冷面,23,三星商户,11,国济路20号,6.9,7.2,7.1
美食,说果享果(合生汇店),28,准四星商户,26,黄兴路2228号合生汇地下二层04号,6.9,7.2,7.1
美食,微皇饭店,无,准四星商户,无,政通路189号特力时尚汇3楼,6.5,6.9,6.9
美食,Häagen·Dazs(百联又一城店),3,准四星商户,无,淞沪路8号百联又一城1层,6.9,7.2,7.1
美食,雪永,无,准四星商户,无,淞沪路77号特力时尚汇F1,6.5,6.9,6.9
美食,爱茜茜里意大利健康冰淇淋(特力时尚汇店),50,准四星商户,38,政通路189号特力时尚汇1F-31-3,6.9,7.2,7.1
美食,N2 gelato fao,无,准四星商户,无,淞沪路77号特力时尚汇F1,6.5,6.9,6.9
美食,阆苑亭苏州面馆,610,准四星商户,27,国宾路88号五角场万达广场,6.9,7.2,7.1
美食,黄山菜饭骨头汤,6,三星商户,16,政旦东路34号,6.5,6.9,6.9
美食,叫只蟹阳澄湖大闸蟹(五角场),1,三星商户,无,第一食品3楼,6.9,7.2,7.1
美食,食豆集市(合生汇店),1,三星商户,无,翔殷路1099号合生汇1层,6.5,6.9,6.9
美食,桂源铺(特力时尚汇店),8,准四星商户,无,政通路189号特力时尚汇1F-32-b1,6.9,7.2,7.1
美食,海峡养生粥坊(盖浇饭),19,准四星商户,18,邯郸路399-07号,6.5,6.9,6.9
美食,淮南牛肉粉丝汤食品一店(五角场店),4,准四星商户,无,五角场邯郸路,6.9,7.2,7.1
美食,东北特色水饺(杨浦店),2,准四星商户,无,政旦东路40号,6.5,6.9,6.9
美食,四云贡茶(五角场万达),32,准四星商户,17,邯郸路600号5角场万达商业广场特力屋2楼,6.9,7.2,7.1
美食,哈拉里咖啡生活馆(邯郸路店),15,准四星商户,10,邯郸路399号DA,6.5,6.9,6.9
美食,西域诱惑,19,三星商户,51,政通路189号,6.9,7.2,7.1
美食,一5烤全鱼,2,准四星商户,无,五角场国济路30号,6.5,6.9,6.9
美食,缘聚湘菜馆,315,准四星商户,71,国济路16号,6.9,7.2,7.1
美食,融合私房菜,2,准四星商户,无,黄兴路2055号,6.5,6.9,6.9
美食,火爆鱿鱼,5,准四星商户,无,邯郸路天堂伞旁,6.5,6.9,6.9
美食,棉花糖,1,三星商户,无,邯郸路541号,6.9,7.0,6.9
休闲娱乐,莲SPA足道养生馆(五角场店),7339,五星商户,122,淞沪路161号中环国际大厦6楼政通路口,9.3,9.2,9.1
美食,幸龙十三香小龙虾,1,准四星商户,无,四平路与国定路交叉口南50米,6.5,6.9,6.9
休闲娱乐,满月邂逅平安夜狼人杀馆,153,五星商户,83,黄兴路2005弄1号杨浦大厦16A,9.3,9.2,9.1
美食,红枫料理,1,三星商户,无,五角场地下广场,6.9,7.0,6.9
美食,LILLIANBAKERY(百联又一城店),无,准四星商户,无,淞沪路8号百联又一城B1层,6.5,6.9,6.9
休闲娱乐,两个世界桌游店 狼人杀俱乐部,35,五星商户,87,五角场800号东楼210室,9.3,9.2,9.1
美食,真品味,1,三星商户,无,淞沪路8号百联又一城购物中心B1楼,6.9,7.0,6.9
美食,茶风暴(淞沪路店),3,准四星商户,无,淞沪路8号百联又一城旁,6.5,6.9,6.9
休闲娱乐,星聚会ktv(合生汇店),1431,五星商户,105,翔殷路1099号合生汇4F,9.3,9.2,9.1
美食,绚彩果汁吧,9,三星商户,无,淞沪路8号百联又一城购物中心B1-36商户,6.9,7.0,6.9
美食,金陵鸭血粉丝,4,三星商户,无,黄兴路1191号,6.9,7.0,6.9
休闲娱乐,暗黑魔盒集中营,3051,五星商户,119,翔殷路1099号4楼15室,9.3,9.2,9.1
美食,CII JUSS缤纷果昔,1,三星商户,无,黄兴路2228号B2层C13,6.9,7.0,6.9
美食,古月居羊蝎子火锅,3,准四星商户,无,中环路苏宁广场四楼,6.9,7.0,6.9
休闲娱乐,缪斯酒吧(五角场店),148,五星商户,166,淞沪路92号1层,9.3,9.2,9.1
美食,老北京手工水饺,1,三星商户,无,邯郸路399号A5,6.9,7.0,6.9
美食,老潼关肉夹馍,2,三星商户,20,国宾路重庆鸡公煲斜对面,6.9,7.0,6.9
休闲娱乐,好乐迪(五角场万达店),685,准五星商户,106,国宾路58号B区3层,9.3,9.2,9.1
美食,玉嘉小铁板,1,准四星商户,无,淞沪路600号第一食品二楼,6.9,7.0,6.9
美食,觉味,2,三星商户,无,邯郸路600号,6.9,7.0,6.9
休闲娱乐,MC精品真人密室逃脱(五角场店),1973,五星商户,106,国宾路18号万达广场写字楼A座11楼B,9.3,9.2,9.1
美食,启泰(东方商厦杨浦店),2,三星商户,无,四平路2500号东方商厦1层,6.9,7.0,6.9
美食,咕咕嘎鸡排(五角场店),78,三星商户,11,黄兴路2081号,6.9,7.0,6.9
休闲娱乐,好乐迪(五角场又一城店),5928,准五星商户,106,淞沪路8号百联又一城9楼,9.3,9.2,9.1
休闲娱乐,承邈养脊馆(脊柱健康中心),149,五星商户,111,黄兴路1728号东方蓝海国际2号楼1615室,9.3,9.2,9.1
美食,刘记盖浇饭,2,三星商户,17,邯郸路500号,6.9,7.0,6.9
休闲娱乐,狼人杀俱乐部·暗黑魔盒,33,五星商户,106,黄兴路2188号合生汇4楼,9.3,9.2,9.1
休闲娱乐,影咖传奇私人影吧桌游聚会(二店),221,五星商户,135,淞沪路161号中环国际大厦901室,9.3,9.2,9.1
休闲娱乐,感智盲人按摩艾灸养生馆(五角场万达广场店),2533,准五星商户,106,五角场政通路177号万达广场C座503室,9.3,9.2,9.1
美食,杨氏家常菜,1,准四星商户,无,政通路285弄,6.9,6.9,6.9
休闲娱乐,传承堂-精准推拿(五角场万达广场店),522,五星商户,106,国宾路36号万达广场B座2206室,9.3,9.2,9.1
美食,邯郸路久久鸭,1,三星商户,无,五角场邯郸路,6.9,6.9,6.9
美食,鼎茶(邯郸路店),1,三星商户,无,邯郸路600号,6.9,6.9,6.9
美食,阿奇快餐,1,三星商户,无,四平路2456号,6.9,6.9,6.9
美食,屌丝奶茶(五角场店),1,三星商户,16,邯郸路470弄102室后门,6.9,6.9,6.9
美食,代宫山,无,三星商户,无,邯郸路600号B1层,6.9,6.9,6.9
美食,华豫川酒家,23,三星商户,50,黄兴路2073号,6.9,6.9,6.9
美食,Popaholie,无,三星商户,无,翔殷路1099号合生汇B2,6.9,6.9,6.9
美食,中粮中茶,4,三星商户,无,四平路2500号东方商厦新大楼1楼,6.9,6.9,6.9
美食,BOSS SUNWEN,无,三星商户,无,淞沪路1号巴黎春天五角场店F5层,6.9,6.9,6.9
美食,康豪饺子房(五角场),1,三星商户,无,国济路28号,6.9,6.9,6.9
休闲娱乐,黍糖茶屋,44,准五星商户,61,翔殷路1099号合生汇商场二楼32_33号铺位,8.1,8.0,7.8
美食,爱上一份,2,三星商户,无,淞沪路8号百联又一城购物中心9楼8-16室,6.9,6.9,6.9
休闲娱乐,冠军溜冰场(百联又一城购物中心店),1454,四星商户,69,淞沪路8号百联又一城购物中心7层,8.1,8.0,7.8
美食,水果鲜榨吧,4,三星商户,无,淞沪路8号百联又一城B1楼,6.9,6.9,6.9
休闲娱乐,星巴克(上海合生国际广场店),353,四星商户,38,翔殷路1099号上海合生国际广场B1,8.1,8.0,7.8
美食,苏北小食,1,三星商户,无,国宾路与政通路交叉口向南路东,6.9,6.9,6.9
休闲娱乐,Storm Running娱乐团建策划中心(runningman),57,四星商户,124,国宾路18号万达A座12层D03-D05,8.1,8.0,7.8
休闲娱乐,卡旺卡(万达广场五角场店),2392,四星商户,15,淞沪路77号万达广场B区B1层,8.1,8.0,7.8
美食,润家优品生活(杨浦店),2,三星商户,无,翔殷路1099号地下二层B2-15、B2-16商铺,6.8,6.8,6.7
美食,sungo果汁(江桥万达店),2,三星商户,无,淞沪路77号万达广场3层,6.8,6.8,6.7
休闲娱乐,一兆韦德健身(五角场会所),935,四星商户,4175,淞沪路8号百联又一城8-9楼,8.1,8.0,7.8
美食,酱鸭王,无,三星商户,无,国定路171号,6.8,6.8,6.7
美食,镇江锅盖面,无,三星商户,无,邯郸路408号,6.8,6.8,6.7
休闲娱乐,Habit Fitness健身工作室(五角场店),263,五星商户,205,四平路2500号金岛大厦1203室,8.1,8.0,7.8
美食,南瓜庄园,2,三星商户,无,淞沪路8号B1新世纪食品城,6.8,6.8,6.7
美食,猪状元(五角场店),无,三星商户,无,邯郸路600号上海第一食品二楼,6.8,6.8,6.7
休闲娱乐,汇佳桌游(五角场店),1055,准五星商户,44,邯郸路399号财富大酒店院内,8.1,8.0,7.8
美食,香港汉记甜品(东方商厦杨浦店),无,三星商户,无,四平路2500号东方商厦2层,6.8,6.8,6.7
美食,MOMOWO,无,三星商户,无,翔殷路1099号合生汇B2,6.8,6.8,6.7
休闲娱乐,星巴克(又一城店),1113,四星商户,36,淞沪路8号,8.1,8.0,7.8
休闲娱乐,星际传奇(合生汇店),243,准四星商户,114,翔殷路1099号合生汇3F,7.3,7.5,8.0
美食,酸辣土豆粉,无,三星商户,无,翔殷路1088号凯迪金融大厦1层,6.8,6.8,6.7
休闲娱乐,COSTA COFFEE(五角场百联又一城店),377,四星商户,38,淞沪路8号sm-2/sm-3,8.1,8.0,7.8
休闲娱乐,1454's cafe(五角场店),229,准四星商户,22,五角场国济路政旦东路路口,7.3,7.5,8.0
美食,龙源砂锅,5,三星商户,无,国宾路87号,6.8,6.8,6.7
休闲娱乐,四云奶盖贡茶(百联又一城店),3649,五星商户,18,淞沪路8号百联又一城B1楼04-1商铺,8.1,8.0,7.8
休闲娱乐,星巴克(东方商厦店),31,四星商户,37,四平路2500号东方商厦1层,7.3,7.5,8.0
美食,火炬冰淇淋,无,三星商户,无,淞沪路8号百联又一城购物中心B1层,6.8,6.8,6.7
休闲娱乐,星巴克(五角场万达影城店),135,准四星商户,35,上海五角场万达商业广场万达影城国宾路58号3楼,8.1,8.0,7.8
休闲娱乐,阿曼尼,2,四星商户,无,淞沪路98号,7.3,7.5,8.0
美食,鸡当,无,三星商户,无,翔殷路1099号合生汇B2,6.8,6.8,6.7
休闲娱乐,zoo coffee(百联又一城购物中心店),1761,准四星商户,40,淞沪路8号百联又一城购物中心6层,8.1,8.0,7.8
休闲娱乐,壹壹桌球(五角场店),28,准四星商户,28,国济路20号7楼,7.3,7.5,8.0
美食,胖条条生日快乐,无,三星商户,无,五角场街道五角场万达广场国宾路18号A座13楼,6.8,6.8,6.7
休闲娱乐,汇佳桌游·狼人杀剧本杀·VR电玩(杨浦店),1087,准四星商户,31,邯郸路399号财富大酒店院内1号楼,8.1,8.0,7.8
休闲娱乐,反斗乐园,1,准四星商户,无,国宾路58号万达广场b座1楼,7.3,7.5,8.0
美食,炖品世家(邯郸路店),无,三星商户,无,邯郸路600号万达商业广场第一食品4楼,6.8,6.8,6.7
休闲娱乐,live酒吧(feeling派对店),6,四星商户,无,淞沪路8号百联中心2层,7.3,7.5,8.0
美食,蓝粤春酒店,无,三星商户,无,五角场镇黄兴路2200号,6.9,6.8,6.8
休闲娱乐,威尔士健身会所(合生汇店),486,三星商户,3180,翔殷路1099号合生汇5F,7.3,7.5,8.0
美食,贩卖志,无,三星商户,无,国定路与政修路交叉口北50米,6.9,6.8,6.8
休闲娱乐,新印象莫奈,92,四星商户,81,五角场翔殷路合生汇5楼,7.3,7.5,8.0
美食,coziHOTDOG,无,三星商户,无,淞沪路8号百联又一城购物中心B1,6.9,6.8,6.8
休闲娱乐,本色酒吧(五角场店),11,准五星商户,无,淞沪路95号,7.3,7.5,8.0
美食,侬好川菜,无,三星商户,无,国济路28号顺达楼2层,6.9,6.8,6.8
休闲娱乐,龍帝实戰搏击俱乐部,110,准五星商户,无,五角场四平路国权路口230弄11号楼,7.3,7.5,8.0
美食,便民菜店,无,三星商户,无,国宾路91-5号,6.9,6.8,6.8
休闲娱乐,zoocoffee(合生汇店),455,三星商户,37,翔殷路1099号合生汇3F,7.3,7.5,8.0
美食,上海宝康餐饮有限公司(五角场店),无,三星商户,无,政旦东路36号2F,6.9,6.8,6.8
休闲娱乐,有机世家(百联又一城购物中心店),1,准四星商户,无,淞沪路8号百联又一城购物中心B1层,7.3,7.5,8.0
美食,匆匆那年·精菜馆(五角场店),26,该商户暂无星级,无,政通路189号特力时尚汇2F,6.9,6.8,6.8
休闲娱乐,中影国际影城,5,准四星商户,无,五角场黄兴路,7.3,7.5,8.0
美食,万有全豆腐,无,三星商户,无,国定路四平路路口阳普平昌菜场内2楼251号,6.9,6.8,6.8
美食,茶饮呦可,无,三星商户,无,国济路28-7附近,6.9,6.8,6.8
美食,doka,无,三星商户,无,四平路国定路路口,6.9,6.8,6.8
美食,又一方,无,三星商户,无,淞沪路8号百联又一城7楼北侧,6.9,6.8,6.8
美食,弘韵贡茶（奶茶·鲜榨汁）(邯郸路店),6,三星商户,无,邯郸路399D-A,6.9,6.8,6.8
美食,果之满满五角场(万达店),8,三星商户,无,五角场国宾路,6.9,6.8,6.8
休闲娱乐,中发板棋牌室,1,准四星商户,无,黄兴路2055号,7.8,7.7,8.1
美食,小杨生煎(五角场万达店),1,准四星商户,无,淞沪路77号地下一屋B一28,6.6,6.6,6.6
美食,韩食汤,16,三星商户,25,"""国济路",6.9,6.8,6.8
休闲娱乐,莉莉玛莲酒吧(大学店),2,四星商户,无,邯郸路和四平路交叉口,7.8,7.7,8.1
美食,满记甜品(五角场万达店),1,该商户暂无星级,无,淞沪路111号131商铺,6.6,6.6,6.6
休闲娱乐,现磨咖啡(政旦东路店),93,四星商户,17,政旦东路36号,7.8,7.7,8.1
休闲娱乐,一壶春生煎,6,准四星商户,无,国年路国定路,7.8,7.7,8.1
美食,大邻洞首尔炸鸡,无,该商户暂无星级,无,政通路189号特力时尚汇5F-7,6.6,6.6,6.6
休闲娱乐,夜乐门酒吧(五角场店),14,准五星商户,无,淞沪路92号1楼,7.8,7.7,8.1
休闲娱乐,OCE coffee,16,准四星商户,25,五角场黄兴路,7.8,7.7,8.1
美食,花悦庭,无,该商户暂无星级,无,翔殷路1099号合生汇国际广场5F,6.6,6.6,6.6
休闲娱乐,轻食主义(五角场店),3,准四星商户,45,黄兴路2218号合生汇大厦22楼,7.8,7.7,8.1
休闲娱乐,萌果游戏,无,准四星商户,无,国宾路18号上海五角场万达广场A座19层,7.8,7.7,8.1
美食,等船来·蒸汽海鲜集市(五角场店),无,该商户暂无星级,无,邯郸路399号-1,6.6,6.6,6.6
休闲娱乐,合乎体验团建活动拓展训练,22,五星商户,162,国定东路200号公共实训培训基地1号楼,7.8,7.7,8.1
休闲娱乐,菲比·银座酒吧,2,四星商户,无,淞沪路100号,7.8,7.7,8.1
美食,西贝筱面村(特力时尚汇店),无,该商户暂无星级,无,邯郸路600号特力时尚汇5层,6.6,6.6,6.6
休闲娱乐,芝麻街仲夏乐园,5,三星商户,无,翔殷路1099号,7.8,7.7,8.1
美食,新鲜汁源,3,三星商户,无,淞沪路8号百联又一城3F,6.6,6.6,6.6
美食,渝味重庆麻辣烫,无,该商户暂无星级,无,国霞路366号,6.6,6.6,6.6
休闲娱乐,propaganda(杨浦总店),5,四星商户,无,淞沪路93号,7.8,7.7,8.1
美食,DQ(又一城二店),3845,该商户暂无星级,无,淞沪路8号B1层G09-B01-037,6.6,6.6,6.6
美食,菜老包(阳普平昌菜市场店),无,该商户暂无星级,无,固定路171号354摊位,6.6,6.6,6.6
休闲娱乐,HIVE VR,3,准四星商户,无,翔殷路1099号合生汇B2,7.8,7.7,8.1
美食,大鼓米线(杨浦合生汇店),4,准四星商户,无,五角场合生汇B1城市集市内,6.6,6.6,6.6
美食,阿甘锅盔(合生汇城市集市店),无,该商户暂无星级,无,黄兴路2228号合生汇B2层城市集市C13商铺,6.6,6.6,6.6
休闲娱乐,行云阁,1,准四星商户,无,邯郸路614号,7.8,7.7,8.1
美食,外公来了!,无,该商户暂无星级,无,五角场淞沪路,6.6,6.6,6.6
休闲娱乐,晨光生活馆(万达店),10,准四星商户,无,淞沪路77号万达广场B1,7.7,7.7,7.5
休闲娱乐,视客vr,2,三星商户,无,邯郸路600号万达商业广场B1城中城,7.7,7.7,7.5
休闲娱乐,星轩咖啡,23,准四星商户,12,国宾路100号,7.7,7.7,7.5
休闲娱乐,复旦大学新闻学院图书馆,11,准四星商户,无,国定路400号复旦新闻学院内,7.7,7.7,7.5
休闲娱乐,现磨咖啡(黄兴路店),8,准四星商户,无,黄兴路2077号,7.7,7.7,7.5
休闲娱乐,粉屋迷你k吧,4,准四星商户,无,合生汇b 2,7.7,7.7,7.5
休闲娱乐,盘石网盟,无,准四星商户,无,五角场街道国宾路18号万达广场A座701,7.7,7.7,7.5
休闲娱乐,Feceling Club(杨浦旗舰店),1,准四星商户,无,五角场淞沪路95号,7.7,7.7,7.5
美食,chapayom,无,该商户暂无星级,无,合生汇b2,7.1,7.1,7.1
休闲娱乐,HELLO WE,1,准四星商户,无,五角场国定东路200号1号楼613室,7.7,7.7,7.5
美食,德一碗凉皮(国宾路店),1,准四星商户,无,国宾路91号,7.1,7.1,7.1
休闲娱乐,lava品牌时尚夜店,1,准四星商户,无,淞沪路91号,7.7,7.7,7.5
美食,GOU(巴黎春天五角场店),无,该商户暂无星级,无,淞沪路1号巴黎春天B1层,7.1,7.1,7.1
休闲娱乐,小金豆工坊,1,准四星商户,无,翔殷路1099号合生汇L2,7.7,7.7,7.5
美食,快乐柠檬happylemon(合生汇店),无,该商户暂无星级,无,翔殷路1099号合生汇4层,7.1,7.1,7.1
休闲娱乐,乔山跑步机(特力时尚汇3楼特力屋),2,准四星商户,无,国宾路100号,7.7,7.7,7.5
美食,Jumbo burger(合生汇店),无,该商户暂无星级,无,翔殷路1099号合生汇4层,7.1,7.1,7.1
休闲娱乐,REX,无,三星商户,无,淞沪路8号百联又一城购物中心F2,7.7,7.7,7.5
美食,安琪儿创意蛋糕(五角场店),无,该商户暂无星级,无,邯郸路600号,7.1,7.1,7.1
休闲娱乐,wein friends,5,准四星商户,无,淞沪路8号百联又一城八楼,7.7,7.7,7.5
美食,佑果力,无,该商户暂无星级,无,淞沪路8号百联又一城购物中心B1,7.1,7.1,7.1
美食,青花椒,无,该商户暂无星级,无,黄兴路2216号,7.1,7.1,7.1
休闲娱乐,凯迪新都会,2,准四星商户,无,翔殷路1088号凯迪·新都汇1层,6.9,6.8,6.9
美食,鲜伶果蔬(平昌菜市场),无,该商户暂无星级,无,国定路171号平昌菜场2楼240号摊位,无,数,据
休闲娱乐,全城热炼(PopRhy),2,三星商户,无,四平路2500号1602,6.9,6.8,6.9
美食,U.S.A Popcorn Stores,无,该商户暂无星级,无,淞沪路8号百联又一城购物中心B1,无,数,据
美食,崇民蟹(五角场店),无,该商户暂无星级,无,邯郸路600号第一食品1楼,7.1,7.1,7.1
休闲娱乐,ICEBERG,无,三星商户,无,翔殷路1099号合生汇F1,6.9,6.8,6.9
美食,名媛美甲美睫,无,该商户暂无星级,无,淞沪路199号,无,数,据
美食,PIZZAMARZANO(合生汇店),无,该商户暂无星级,无,翔殷路1099号合生汇1层,7.1,7.1,7.1
休闲娱乐,趣耍高尔夫培训学院(杨浦分店),无,三星商户,无,万达广场B座806室,6.9,6.8,6.9
美食,百味城,无,该商户暂无星级,无,政通路189号特力时尚汇4/5层,无,数,据
美食,蜜思香咖(五角场店),无,该商户暂无星级,无,五角场,7.1,7.1,7.1
休闲娱乐,任性你琪姐,2,三星商户,无,国宾路88号,6.9,6.8,6.9
美食,新雅青年公寓餐厅,无,该商户暂无星级,无,政法路315号,无,数,据
美食,孝心餐饮(五角场店),无,该商户暂无星级,无,邯郸路600号第一食品2楼,7.1,7.1,7.1
休闲娱乐,o2酒吧(杨浦超旗店),无,三星商户,无,淞沪路98号一楼,6.9,6.8,6.9
美食,托尼大叔韩国炸鸡,无,该商户暂无星级,无,邯郸路399号,无,数,据
美食,NATURE'S BOUNTY,无,该商户暂无星级,无,淞沪路8号百联又一城购物中心B1,7.1,7.1,7.1
休闲娱乐,秦傲网络,无,三星商户,无,五角场街道翔殷路1128号沪东金融大厦16楼F4-F5,6.9,6.8,6.9
美食,yu味麻辣烫,无,该商户暂无星级,无,国济路28号2层易品美食天地,无,数,据
休闲娱乐,晚秋花艺(鑫悦花店),无,准四星商户,无,国宾路18号A座,6.9,6.8,6.9
休闲娱乐,苏荷酒吧(杨浦店),1,该商户暂无星级,无,淞沪路91号,6.9,6.8,6.9
美食,暹金蜜语,无,该商户暂无星级,无,五角场淞沪路太平洋森活广场B-27,无,数,据
休闲娱乐,艾力斯特按摩椅(杨浦店),1,准四星商户,无,黄兴路2038号近蓝天宾馆,6.9,6.8,6.9
休闲娱乐,天使动漫城,无,该商户暂无星级,无,四平路2330号2层,6.9,6.8,6.9
美食,ICHIGO 宜芝多(百联又一城店),无,该商户暂无星级,无,淞沪路8号百联又一城B1层,无,数,据
休闲娱乐,哈拉里咖啡生活馆(邯郸路店),15,准四星商户,10,邯郸路399号DA,6.9,6.8,6.9
休闲娱乐,酒吧桌球,无,该商户暂无星级,无,邯郸路399号,6.9,6.8,6.9
美食,懮の鳗.定时.宅送(特力时尚汇店),无,该商户暂无星级,无,邯郸路600号特力时尚汇1层,无,数,据
休闲娱乐,豆丁网咖,9,三星商户,无,邯郸路399号财富大酒店3楼,6.9,6.8,6.9
美食,我是一只鸡,无,该商户暂无星级,无,邯郸路446号,无,数,据
休闲娱乐,喇叭酒吧,无,该商户暂无星级,无,淞沪路67号,无,数,据
美食,小杨美食,无,该商户暂无星级,无,五角场内环高架路延吉西路,无,数,据
休闲娱乐,动因体育篮球班,无,该商户暂无星级,无,五角场附近,无,数,据
美食,岚家友茶,无,该商户暂无星级,无,邯郸路585号苏宁电器广场1F美的展区,无,数,据
休闲娱乐,乔山跑步机(特力时尚汇3楼),无,该商户暂无星级,无,邯郸路608号,无,数,据
美食,聚鑫源哈尔滨水饺,无,该商户暂无星级,无,邯郸路600号万达商业广场第一食品2楼,无,数,据
休闲娱乐,中数网络(四平路),无,该商户暂无星级,无,四平路2158号富庆国定大厦,无,数,据
休闲娱乐,一茶一坐(上海五角场万达店),无,该商户暂无星级,无,淞沪路77号B1楼A—03室,无,数,据
休闲娱乐,嘉贸展览,无,该商户暂无星级,无,五角场街道国宾路36号万达B座1905,无,数,据
休闲娱乐,sparks 羽毛球游泳篮球乒乓球培训(网球黄兴路店),无,该商户暂无星级,无,黄兴路2053号,无,数,据
休闲娱乐,威图酒吧,无,该商户暂无星级,无,淞沪路89号,无,数,据
休闲娱乐,Cat 1,1,该商户暂无星级,无,五角场淞沪路,无,数,据
休闲娱乐,catwalk酒吧,无,该商户暂无星级,无,淞沪路98号,无,数,据
休闲娱乐,威尔士品质健身,无,该商户暂无星级,无,合生财富广场二楼威尔士健身,无,数,据
休闲娱乐,夜上海iava品牌夜店,无,该商户暂无星级,无,五角场淞沪路99号2F,无,数,据
休闲娱乐,se斗魂健身工作室,无,该商户暂无星级,无,五角场万达广场特力时尚汇4楼,无,数,据
美食,早阳,无,该商户暂无星级,无,国宾路91号,6.9,6.9,6.9
休闲娱乐,hello night,无,该商户暂无星级,无,淞沪路91号,无,数,据
美食,穿越食府,87,该商户暂无星级,无,四平路2150号,6.9,6.9,6.9
美食,祖名豆制品,无,该商户暂无星级,无,国定路171阳普菜市场二楼祖名豆制品251,6.9,6.9,6.9
美食,点心,无,该商户暂无星级,无,国定路171号,6.9,6.9,6.9
休闲娱乐,趣耍高尔夫五角场学院,无,该商户暂无星级,无,国宾路36号五角场万达广场B座805-806室,6.3,6.1,5.9
美食,赖上家生活超市,无,该商户暂无星级,无,淞沪路100号,6.9,6.9,6.9
休闲娱乐,lamade拉莫达,1,该商户暂无星级,无,翔殷路1099号,6.3,6.1,5.9
美食,美蛙小厨(五角场店),无,该商户暂无星级,无,政旦东路36号三楼,6.9,6.9,6.9
美食,湾仔港食,无,该商户暂无星级,无,邯郸路446号,6.9,6.9,6.9
美食,李记外卖,无,该商户暂无星级,无,黄兴路2055号甲,7.8,8.0,7.3
休闲娱乐,vclub,无,该商户暂无星级,无,淞沪路100号,6.3,6.1,5.9
美食,萝鲜生·果蔬超市(平昌店),无,该商户暂无星级,无,国定路171号,6.9,6.9,6.9
美食,都咔茶饮,无,该商户暂无星级,无,四平路2533号,7.8,8.0,7.3
休闲娱乐,莱仕邦跑步机(杨浦店),无,该商户暂无星级,无,黄兴路2038号近南京政治学院旁边,6.3,6.1,5.9
美食,味千拉面(百联又一城店),1,准四星商户,45,淞沪路8号百联又一城7层,6.9,6.9,6.9
美食,滷坊,无,该商户暂无星级,无,五角场淞沪路太平洋森活广场,7.8,8.0,7.3
休闲娱乐,东郸社区老年活动室,无,该商户暂无星级,无,邯郸路500弄6号2层,6.3,6.1,5.9
美食,蟹庄缘阳澄湖大闸蟹(杨浦店),无,该商户暂无星级,无,国宾路89号,6.9,6.9,6.9
美食,杨浦一烤,无,该商户暂无星级,无,邯郸路397号,7.8,8.0,7.3
休闲娱乐,Nisa,无,该商户暂无星级,无,国定东路200号1号楼306室,6.3,6.1,5.9
美食,100%鲜榨果汁(百联又一城店),无,该商户暂无星级,无,淞沪路8号百联又一城3层,6.9,6.9,6.9
美食,新都餐车,无,该商户暂无星级,无,邯郸路399号,7.8,8.0,7.3
休闲娱乐,上海歌城(四平路店),2106,四星商户,37,四平路2500号东方商厦6楼,6.3,6.1,5.9
美食,PUTIEN(百联又一城店),无,该商户暂无星级,无,淞沪路8号百联又一城7层,6.9,6.9,6.9
美食,Taco Bell 塔可贝尔(（五角场店）),无,该商户暂无星级,无,邯郸路600号万达广场1005/2005商铺,7.8,8.0,7.3
休闲娱乐,星巴克(五角场店),1633,该商户暂无星级,40,邯郸路600号一楼,6.3,6.1,5.9
美食,镜花缘餐饮管理有限公司,无,该商户暂无星级,无,国定路100号210栋服务中心二楼餐厅,6.9,6.9,6.9
美食,杭城餐饮,无,该商户暂无星级,无,五角场黄兴路海鹏公寓好宝钢商厦,7.8,8.0,7.3
休闲娱乐,vr体验室,无,该商户暂无星级,无,五角场国济路28号B1网鱼网咖室内,6.3,6.1,5.9
美食,麻辣双娇饭店,无,该商户暂无星级,无,同丰路645号虹口百联第一食品一楼内,6.9,6.9,6.9
美食,广州蕉叶(五角场万达广场店),15843,四星商户,122,邯郸路600号万达商业广场B1城中城A18-3号,7.8,8.0,7.3
休闲娱乐,辰太极(杨浦店),2,该商户暂无星级,无,五角场黄兴路2057号3楼,6.3,6.1,5.9
美食,Mousse House,2397,准五星商户,130,国济路28号2楼,7.8,8.0,7.3
购物,MUJI(五角场店),571,准五星商户,155,淞沪路8号百联又一城3楼南区,7.6,7.5,7.2
美食,曼玲粥店,15,准四星商户,16,国定路2009号,7.8,8.0,7.3
购物,oce(合生汇店),286,五星商户,251,翔殷路1099号合生汇B1层16室,7.6,7.5,7.2
美食,辛元潮汕牛肉火锅(五角场店),2680,准五星商户,117,政旦东路36号3楼,7.8,8.0,7.3
购物,新视界眼镜(五角场万达店),1030,五星商户,1179,淞沪路77号万达广场B1层A-18-11,7.6,7.5,7.2
美食,BlueDegree蓝度(合生汇店),709,四星商户,121,翔殷路1099号合生汇5F,7.8,8.0,7.3
购物,zoff(合生汇店),46,五星商户,5827,翔殷路1099号合生汇B1层,7.6,7.5,7.2
美食,果树楠木,599,准五星商户,43,邯郸路397号,7.8,8.0,7.3
购物,AppleStore苹果零售店(五角场店),156,准五星商户,503,翔殷路1099号上海合生汇1层,7.6,7.5,7.2
美食,喝糕(万达广场五角场店),1701,四星商户,70,淞沪路77号万达广场B1层,7.8,8.0,7.3
购物,EXE颜镜店(合生汇店),441,五星商户,307,翔殷路1099号合生汇4F406室,7.6,7.5,7.2
购物,万达广场(五角场店),2910,准五星商户,288,淞沪路77号,7.6,7.5,7.2
购物,PurCotton(合生汇店),70,准五星商户,66,翔殷路1099号合生汇2层,7.6,7.5,7.2
购物,百联又一城购物中心,2853,四星商户,158,淞沪路8号,7.6,7.5,7.2
购物,大众书局(合生汇店),383,四星商户,560,翔殷路1099号合生汇2F,7.6,7.5,7.2
购物,特力时尚汇,260,准五星商户,287,邯郸路600号万达商业广场内,7.6,7.5,7.2
购物,巴黎春天(五角场店),3300,准四星商户,137,淞沪路1号,7.6,7.5,7.2
购物,合生汇,1496,四星商户,137,翔殷路1099号,7.6,7.5,7.2
购物,LAVANDE宇微花艺(合生汇店),67,五星商户,268,翔殷路1099号合生汇B1,7.6,7.5,7.2
美食,虾域•尚蛙(邯郸店),932,准五星商户,125,邯郸路395号,8.2,8.0,7.9
美食,阿甘锅盔(五角场万达店),318,准四星商户,12,淞沪路77号万达广场B1层,8.2,8.0,7.9
购物,上海书城(五角场店),958,四星商户,72,国宾路58号万达商业广场负1楼,9.3,9.3,9.3
美食,翠华餐厅(五角场店),4841,准四星商户,90,淞沪路77号万达广场步行街D03地铺,8.2,8.0,7.9
美食,美珍香(巴黎春天五角场店),1542,四星商户,57,淞沪路1号巴黎春天B1层,8.2,8.0,7.9
购物,爱婴室(合生汇店),72,四星商户,529,黄兴路2228号上海合生国际广场地下二层36号,9.3,9.3,9.3
美食,掌柜的店纯朴中原菜(政通路店),7813,四星商户,78,政通路189号万达广场特力时尚屋4楼402号铺,8.2,8.0,7.9
美食,哈尔滨食品厂(万达店),238,准四星商户,40,淞沪路77号万达广场2层,8.2,8.0,7.9
购物,UNIQLO(万达广场五角场店),669,四星商户,212,淞沪路77号万达广场B1层28-31号,9.3,9.3,9.3
美食,Playking玩者火焰薄饼(万达广场五角场店),694,四星商户,64,淞沪路77号万达广场B1层,8.2,8.0,7.9
美食,川福记(国济路店),1128,准四星商户,28,国济路28号,8.2,8.0,7.9
购物,茂昌眼镜(合生汇店),52,准五星商户,645,翔殷路1099号合生汇B2,9.3,9.3,9.3
美食,安东鸡(合生汇店),1916,准四星商户,83,翔殷路1099号合生汇B2,8.2,8.0,7.9
购物,三叶眼镜城(五角场商场),382,准五星商户,331,翔殷路1088号凯迪大厦3楼,9.3,9.3,9.3
购物,POP MART,18,四星商户,77,翔殷路1099号合生汇b1楼,9.3,9.3,9.3
美食,盛记一品锅贴(万达店),773,准四星商户,8,淞沪路77号万达广场2层,8.2,8.0,7.9
购物,blt(合生汇店),297,准五星商户,171,翔殷路1099号合生汇B2层,9.3,9.3,9.3
购物,H&M(特力时尚汇店),621,四星商户,228,邯郸路600号万达商业广场特力时尚汇1层,9.3,9.3,9.3
美食,Royaltea皇茶,72,四星商户,16,邯郸路399号财富大酒店沿街门面房,8.2,8.0,7.9
购物,ZARA(巴黎春天五角场店),297,四星商户,440,上海国宾路18号万达广场A座B1层,9.3,9.3,9.3
购物,jins(合生汇店),90,四星商户,691,黄兴路2228号合生汇地下1层75-76号,9.3,9.3,9.3
美食,Fish’s Fish 鱼就是鱼,997,四星商户,77,国济路28号2楼,8.2,8.0,7.9
购物,RE 调香室(五角场合生汇店),149,五星商户,309,翔殷路1099号地下一楼51B,9.3,9.3,9.3
购物,好好栗子(四平路店),44,四星商户,26,四平路2138号,9.3,9.3,9.3
美食,萨莉亚(万达店),815,准四星商户,38,政通路189号第一食品商店3楼,8.2,8.0,7.9
购物,宝大祥青少年儿童购物中心(邯郸路店),862,四星商户,368,淞沪路77号万达广场1层,9.3,9.3,9.3
购物,leme生活鲜超(百联又一城店),41,准五星商户,无,淞沪路8号百联又一城B1层,7.9,7.8,7.1
美食,凯司令西饼(五角场店),625,准四星商户,23,邯郸路600号万达商业广场第一食品1楼,8.2,8.0,7.9
购物,UNIQLO(百联又一城购物中心店),286,四星商户,209,淞沪路8号百联又一城购物中心B1层,9.3,9.3,9.3
购物,吴良材眼镜(百联又一城店),242,四星商户,1036,淞沪路8号百联又一城B1楼-24-2室,7.9,7.8,7.1
购物,URBANREVIVO(合生汇店),67,准四星商户,511,翔殷路1099号合生汇B1层,7.9,7.8,7.1
购物,allo&lugh(百联又一城店),无,三星商户,无,淞沪路8号百联又一城5层,7.0,6.9,7.2
购物,老香斋(五角场店),44,准四星商户,26,邯郸路600号第一食品商店(近淞沪路,7.3,7.2,7.2
购物,VittorioDiGiacomo(合生汇店),3,准四星商户,无,翔殷路1099号合生汇1层,7.0,6.9,7.2
购物,一代眼镜(百联又一城购物中心店),180,准四星商户,333,淞沪路8号百联又一城购物中心B1层,7.3,7.2,7.2
购物,VIVO(百联又一城购物中心店),1,准四星商户,无,淞沪路8号百联又一城购物中心B1层,7.0,6.9,7.2
购物,Levi's(百联又一城店),11,准四星商户,无,淞沪路8号百联又一城5层,7.3,7.2,7.2
购物,千叶珠宝(巴黎春天店),3,准四星商户,无,淞沪路1号巴黎春天1层,7.0,6.9,7.2
购物,IBLUES(合生汇店),1,准四星商户,无,翔殷路1099号合生汇1层,7.0,6.9,7.2
购物,REC(五角场万达店),3,准四星商户,无,邯郸路600号万达广场b1层92-1,7.0,6.9,7.2
购物,TATA(五角场又一城店),5,四星商户,无,淞沪路8号又一城1楼,7.0,6.9,7.2
购物,ESPRIT(扬族百货店),21,三星商户,无,淞沪路8号百联又一城扬族百货2层,7.0,6.9,7.2
购物,TATA(五角场巴黎春天店),5,四星商户,无,松沪路1号巴黎春天1楼,7.0,6.9,7.2
购物,nekomomo(巴黎春天店),4,四星商户,无,淞沪路1号巴黎春天4层,7.0,6.9,7.2
购物,lovelink(百联又一城店),3,准四星商户,无,淞沪路8号百联又一城B1层,7.0,6.9,7.2
购物,胭脂铺(城市集市合生汇店),56,准四星商户,146,黄兴路2228号合生汇国际广场B2层城市集市C4商铺,7.0,6.9,7.2
购物,Texwood(百联又一城),6,准四星商户,无,淞沪路8号百联又一城5楼,7.0,6.9,7.2
购物,VICTORIA’S SECRET,9,四星商户,无,万达广场B1,7.9,7.8,7.1
购物,GANT(合生汇店),2,准四星商户,无,翔殷路1099号合生汇1层,7.0,6.9,7.2
购物,酷乐潮玩(合生汇店),67,准五星商户,89,翔殷路1099号合生汇B1层,7.9,7.8,7.1
购物,周生生(巴黎春天店),35,准五星商户,4411,淞沪路1号巴黎春天1层,7.9,7.8,7.1
购物,GUESS(巴黎春天五角场店),95,准四星商户,490,淞沪路1号巴黎春天B1层,7.3,7.2,7.2
购物,Donoratico(合生汇店),6,准四星商户,无,翔殷路1099号合生汇3层,7.1,7.0,7.1
购物,扬族百货,186,准四星商户,468,淞沪路8号百联又一城,7.9,7.8,7.1
购物,STACCATO(合生汇店),无,准四星商户,无,翔殷路1099号合生汇2层,7.1,7.0,7.1
购物,BABYSLEEP(合生汇店),3,三星商户,无,翔殷路1099号合生汇2层,7.3,7.2,7.2
购物,沃尔玛(五角场店),2088,准四星商户,110,淞沪路125号,7.9,7.8,7.1
购物,一代眼镜(五角场东方商厦店),129,准四星商户,146,四平路2500号东方商厦1层,7.1,7.0,7.1
购物,l·s·e(合生汇店),1,准四星商户,无,翔殷路1099号合生汇B1层,7.3,7.2,7.2
购物,Onitsuka Tiger(五角场店),17,准四星商户,无,淞沪路77号万达广场1层,7.9,7.8,7.1
购物,HOLLAND & BARRETT 荷柏瑞,3,准四星商户,无,邯郸路600号特力时尚汇B1层18-6室,7.1,7.0,7.1
购物,Lee(合生汇店),2,准四星商户,无,翔殷路1099号合生汇B1,7.3,7.2,7.2
购物,BOSE(苏宁电器五角场店),35,五星商户,无,邯郸路585号苏宁电器1楼,7.9,7.8,7.1
购物,TEENIEWEENIE(扬族百货店),无,三星商户,无,淞沪路8号扬族百货3层,7.1,7.0,7.1
购物,浪琴(百联又一城店),36,准四星商户,8040,淞沪路8号百联又一城1层,7.3,7.2,7.2
购物,晨光生活馆(合生汇店),17,四星商户,35,翔殷路1099号合生汇2层,7.9,7.8,7.1
购物,Paul Frank(合生汇店),8,准四星商户,无,翔殷路1099号合生汇B1,7.1,7.0,7.1
购物,Samsonite(百联又一城店),4,准四星商户,无,淞沪路8号百联又一城4层,7.3,7.2,7.2
购物,COACH(百联又一城购物中心店),44,四星商户,3500,淞沪路8号百联又一城购物中心1层,7.9,7.8,7.1
购物,伊蒂之屋(合生汇店),2,三星商户,无,翔殷路1099号合生汇B1层,7.1,7.0,7.1
购物,E∙LAND(巴黎春天店),122,准四星商户,913,淞沪路1号巴黎春天4层,7.3,7.2,7.2
购物,hotwind(合生汇店),46,四星商户,188,翔殷路1099号合生汇B2,7.9,7.8,7.1
购物,玖姿(巴黎春天五角场店),2,准四星商户,无,淞沪路1号巴黎春天2层,7.1,7.0,7.1
购物,GROTTO(合生汇店),9,准四星商户,无,翔殷路1099号合生汇2层,7.3,7.2,7.2
购物,苏宁生活广场(五角场店),19,准四星商户,无,邯郸路585号,7.9,7.8,7.1
购物,SELECTED(扬族百货店),27,准四星商户,1004,淞沪路8号百联又一城扬族百货4层,7.1,7.0,7.1
购物,Seifini(合生汇店),3,四星商户,无,翔殷路1099号合生汇3层,7.3,7.2,7.2
购物,LEPETITCHATEAU(合生汇店),1,准四星商户,无,翔殷路1099号合生汇3层,7.3,7.2,7.2
购物,teenmix天美意(五角场又一城店),2,四星商户,无,淞沪路8号百联又一城2楼,7.1,7.0,7.1
购物,ROMANTI(合生汇店),6,准四星商户,无,翔殷路1099号合生汇3F,7.3,7.2,7.2
购物,花语馨室,2,四星商户,无,黄兴路2049号,7.1,7.0,7.1
购物,BeLLE(巴黎春天五角场店),144,五星商户,803,淞沪路1号1楼,7.6,7.6,7.3
购物,TATA(川沙百联购物中心店),2,四星商户,无,秀川路581号百联购物中心1楼,7.1,7.0,7.1
购物,:CHOCOOLATE(五角场合生店),20,四星商户,无,黄兴路2228号上海合生国际广场地下一层B1-03号,7.6,7.6,7.3
购物,Cannie&ca,无,三星商户,无,淞沪路1号巴黎春天F4,7.1,7.0,7.1
购物,电信(五角场店),21,准五星商户,无,五角场下沉式广场,7.6,7.6,7.3
购物,迪桑娜(巴黎春天五角场店),11,准四星商户,无,淞沪路1号巴黎春天2楼,7.1,7.0,7.1
购物,Massimo Dutti(合生汇店),28,准四星商户,无,翔殷路1099号合生汇1层,7.6,7.6,7.3
购物,宝岛眼镜(特力时尚汇店),207,四星商户,755,邯郸路600号万达商业广场特力时尚汇1层,7.6,7.6,7.3
购物,i·lollipop(合生汇店),20,四星商户,无,翔殷路1099号合生汇3F,7.6,7.6,7.3
购物,华为体验店,32,准四星商户,无,淞沪路77号万达广场,7.6,7.6,7.3
购物,乐高玩具(宝大祥五角场店),54,四星商户,270,国宾路58号1楼宝大祥内,7.6,7.6,7.3
购物,hao(合生汇店),14,准四星商户,无,翔殷路1099号合生汇3层,7.6,7.6,7.3
购物,UNDER ARMOUR(百联又一城购物中心店),24,准四星商户,523,淞沪路8号百联又一城购物中心5层14,7.6,7.6,7.3
购物,苏宁电器(上海五角场店),455,准四星商户,3688,邯郸路585号,7.6,7.6,7.3
购物,hotwind(杨浦万达店),379,准四星商户,238,政通路189号、特力时尚汇2F,7.6,7.6,7.3
购物,wacoal(合生汇店),3,四星商户,无,翔殷路1099号合生汇3层,7.6,7.6,7.3
购物,周生生珠宝(五角场百联又一城店),108,三星商户,3044,淞沪路8号百联又一城1楼,7.4,7.2,7.0
购物,Pull&Bear(合生汇店),22,准四星商户,无,翔殷路1099号合生汇B1层,7.6,7.6,7.3
购物,Dr.Kong江博士健康鞋(五角场万达店),17,准四星商户,408,淞沪路77号五角场万达广场地下一层B-32-A-1号,7.4,7.2,7.0
购物,GAP(五角场万达广场店),10,二星商户,无,五角场国宾路万达广场,7.4,7.2,7.0
购物,酷漫居儿童家居(特力屋五角场店),2,三星商户,无,政通路189号特力和乐家居广场3楼,7.4,7.2,7.0
购物,元道酒行,8,四星商户,无,国宾路91号-5,7.1,6.9,7.0
购物,gozo(合生汇店),2,四星商户,无,翔殷路1099号合生汇3层,7.4,7.2,7.0
购物,华硕智汇家(合生汇店),15,准四星商户,无,翔殷路1099号合生汇4层,7.4,7.2,7.0
购物,mexican稻草人(百联又一城店),1,准四星商户,无,淞沪路8号百联又一城3层,7.1,6.9,7.0
购物,kipling(百联又一城购物中心店),32,准四星商户,605,淞沪路8号百联又一城购物中心3层3F-3,7.4,7.2,7.0
购物,Bata(五角场巴黎春天店),13,准四星商户,无,淞沪路1号五角场巴黎春天1楼,7.1,6.9,7.0
购物,箱子(巴黎春天店),2,准四星商户,无,淞沪路1号巴黎春天4层,7.1,6.9,7.0
购物,OneMore(巴黎春天五角场店),7,三星商户,无,淞沪路1号巴黎春天3层,7.4,7.2,7.0
购物,LOVE  LINK  上海又一城店,2,四星商户,无,淞沪路8号又一城B1-19铺,7.1,6.9,7.0
购物,Donoratico(巴黎春天五角场店),1,准四星商户,无,淞沪路1号巴黎春天B1层,7.1,6.9,7.0
购物,FJALLRAVEN(百联又一城店),2,三星商户,无,淞沪路8号百联又一城5层,7.4,7.2,7.0
购物,上港俱乐部Logo Shop(百联又一城店),1,准四星商户,无,淞沪路8号百联又一城5楼,7.1,6.9,7.0
购物,RECLASSIFIED(合生汇店),2,四星商户,无,翔殷路1099号合生汇B1,7.1,6.9,7.0
购物,鄂尔多斯(百联又一城购物中心店),11,三星商户,无,淞沪路8号百联又一城购物中心2层,7.4,7.2,7.0
购物,现代眼镜(五角场三叶店),15,四星商户,无,翔殷路1088号凯迪金融大厦3楼311号,7.1,6.9,7.0
购物,Hush Pupies(合生汇店),无,准四星商户,无,翔殷路1099号合生汇2层,7.1,6.9,7.0
购物,ochirly(万达广场五角场店),57,准四星商户,855,淞沪路77号万达广场B1层,7.4,7.2,7.0
购物,boylondon(合生汇店),5,四星商户,无,翔殷路1099号合生汇1层,7.6,7.8,7.5
购物,Vous lin,2,准四星商户,无,五角场邯郸路的544号,7.1,6.9,7.0
购物,MONTBLANC(百联又一城店),1,准四星商户,无,淞沪路8号百联又一城1层,7.4,7.2,7.0
购物,innisfree(百联又一城购物中心店),79,准四星商户,258,淞沪路8号百联又一城购物中心B1-20层,7.6,7.8,7.5
购物,一代眼镜,1,准四星商户,无,淞沪路111号,7.1,6.9,7.0
购物,BanilaCo(巴黎春天店),20,准四星商户,310,淞沪路1号巴黎春天1层,7.4,7.2,7.0
购物,礼雾GIFT&VAPE电子烟(合生汇店),30,四星商户,1283,翔殷路1099号合生汇5F,7.6,7.8,7.5
购物,hconnect,无,准四星商户,无,四平路2446号,7.1,6.9,7.0
购物,老凤祥银楼(巴黎春天店),7,准四星商户,无,淞沪路1号巴黎春天1层,7.4,7.2,7.0
购物,五角场下沉式广场(百联又一城店),37,准四星商户,2814,淞沪路与中环路交叉口东北角,7.6,7.8,7.5
购物,千禧之星(百联又一城购物中心店),9,四星商户,无,淞沪路8号百联又一城购物中心1层,7.1,6.9,7.0
购物,pandora潘多拉(百联又一城店),9,准四星商户,无,淞沪路8号百联又一城1层1F-19,7.6,7.8,7.5
购物,CONVERSE(巴黎春天五角场店),20,三星商户,无,淞沪路1号巴黎春天6层,7.9,7.9,7.9
购物,SKECHERS(合生汇店),28,准四星商户,593,翔殷路1099号合生汇3层,7.6,7.8,7.5
购物,Mind Bridge(扬族百货店),1,准四星商户,无,淞沪路8号扬族百货4层,7.9,7.9,7.9
购物,胡庆余堂(百联又一城购物中心店),8,准四星商户,无,淞沪路8号百联又一城购物中心B1层,7.6,7.8,7.5
购物,三星专卖(万达广场店),24,准四星商户,无,淞沪路77号万达广场B1层,7.9,7.9,7.9
购物,火神の肉(百联又一城购物中心店),711,准四星商户,104,淞沪路8号百联又一城购物中心B1层,7.6,7.8,7.5
购物,on&on(合生汇店),5,准四星商户,无,翔殷路1099号合生汇3楼,7.9,7.9,7.9
购物,Bershka(合生汇店),64,准四星商户,265,翔殷路1099号合生汇B1层,7.6,7.8,7.5
购物,亨得利名表维修中心(万达店),30,三星商户,1058,淞沪路77号万达广场,7.9,7.9,7.9
购物,招财猫道乐堂猫舍本铺(合生汇店),19,四星商户,无,翔殷路1099号合生汇B1层,7.6,7.8,7.5
购物,CAT(百联又一城购物中心店),58,准四星商户,748,淞沪路8号百联又一城购物中心5层,7.9,7.9,7.9
购物,AAPEBYABATHINGAPE®(合生汇店),8,准四星商户,无,翔殷路1099号合生汇1层,7.6,7.8,7.5
购物,aigle(合生汇店),4,准四星商户,无,翔殷路1099号合生汇1层,7.9,7.9,7.9
购物,oakley(五角场万达广场店),15,五星商户,无,五角场淞沪路77号万达广场E座1楼169-2/176-2商铺,7.6,7.8,7.5
购物,FILA(巴黎春天五角场店),15,准四星商户,925,淞沪路1号巴黎春天6层,7.9,7.9,7.9
购物,shoopen鞋范体验店(巴黎春天五角场店),105,四星商户,143,淞沪路1号巴黎春天B1层,7.6,7.8,7.5
购物,TheFaceShop(合生汇店),12,准四星商户,无,翔殷路1099号合生汇B1,7.9,7.9,7.9
购物,VANS(五角场万达店),3,准四星商户,无,淞沪路77号万达广场B1层A-13号,7.6,7.8,7.5
购物,Bata(五角场又一城店),36,五星商户,663,淞沪路8号五角场又一城2楼,7.9,7.9,7.9
购物,京东板栗,2,准四星商户,无,黄兴路1167号,7.9,7.9,7.9
购物,NIKE(合生汇店),10,准四星商户,无,翔殷路1099号合生汇B1层,6.9,6.9,6.9
购物,11s(五角场店),2,准四星商户,无,五角场邯郸路545号,7.9,7.9,7.9
购物,adidaskids(合生汇店),无,三星商户,无,翔殷路1099号合生汇3层,7.9,7.9,7.9
购物,HAZZYS(百联又一城店),14,四星商户,无,淞沪路8号百联又一城1层,6.9,6.9,6.9
购物,PENNYBLACK(合生汇店),无,准四星商户,无,翔殷路1099号合生汇1层,7.9,7.9,7.9
购物,第一医药灵林药房(医保定点店),12,二星商户,无,百联又一城扬族百货一楼,7.9,7.9,7.9
购物,BeLLE(合生国际广场店),70,五星商户,无,翔殷路1099号06号,6.9,6.9,6.9
购物,+OMey 欧美药妆(百联又一城购物中心店),1,准四星商户,无,淞沪路8号百联又一城购物中心B1层,7.9,7.9,7.9
购物,WHO.A.U(特力屋店),31,三星商户,无,政通路189号特力时尚汇1楼,7.9,7.9,7.9
购物,周大福(又一城购物中心店),52,四星商户,4618,淞沪路8号百联又一城购物中心一楼周大福专柜,6.9,6.9,6.9
购物,朱炳仁国艺(东方商厦店),1,准四星商户,无,四平路2500号东方商厦1层,7.9,7.9,7.9
购物,COCCINELLE(合生汇店),6,准四星商户,无,翔殷路1099号合生汇1层,6.9,6.9,6.9
购物,资生堂(巴黎春天店),21,准四星商户,784,淞沪路1号巴黎春天1层,6.9,6.9,6.9
购物,roots(合生汇店),4,准四星商户,无,翔殷路1000号合生汇广场2楼,7.9,7.9,7.9
购物,屈臣氏(合生汇店),50,准四星商户,42,翔殷路1099号合生汇B1层,6.9,6.9,6.9
购物,九木杂物社(合生汇店),18,四星商户,75,翔殷路1099号合生汇B1层,6.9,6.9,6.9
购物,她他,1,准四星商户,无,五角场淞沪路,7.9,7.9,7.9
购物,悦木之源(百联又一城店),30,四星商户,535,淞沪路8号百联又一城1层,6.9,6.9,6.9
购物,kiehl's科颜氏(上海五角场万达店),50,准四星商户,410,淞沪路77号万达广场B1层C-10-1号,6.9,6.9,6.9
购物,Oohdear(合生汇店),无,准四星商户,无,翔殷路1099号合生汇B1,7.9,7.9,7.9
购物,i.t(合生汇店),4,准四星商户,无,黄兴路2228号上海合生国际广场地下一层B1-06-07-08号房屋,6.9,6.9,6.9
购物,酷乐潮玩(百联又一城店),77,四星商户,125,淞沪路8号百联又一城6层,6.9,6.9,6.9
购物,POGO,1,准四星商户,无,五角场万达广场地下一楼,7.9,7.9,7.9
购物,ROCOCO(合生汇店),4,准四星商户,无,翔殷路1099号合生汇3层9,6.9,6.9,6.9
购物,NUK(五角场宝大祥店),7,三星商户,无,国宾路58号宝大祥青少年儿童购物中心1楼,7.9,7.9,7.9
购物,BearTwo(合生汇店),4,准四星商户,无,翔殷路1099号合生汇3层,7.9,7.9,7.9
购物,Viviennewestwood(合生汇店),6,四星商户,无,翔殷路1099号合生汇1层,6.9,6.9,6.9
购物,HR(合生汇店),1,二星商户,无,翔殷路1099号合生汇2层,7.9,7.9,7.9
购物,Diplomat(五角场店),8,准四星商户,无,政通路189号特力时尚汇3楼,7.9,7.9,7.9
购物,MLB(周浦万达店),20,准四星商户,无,年华浜路518号万达广场1楼运动100 MLB专柜,7.1,7.1,7.1
购物,candy lab糖果研究室(合生汇店),2,准四星商户,无,翔殷路1099号合生国际广场B1-K-18号,7.1,7.1,7.1
购物,L'OREAL(巴黎春天五角场店),55,准四星商户,268,淞沪路1号巴黎春天1层,7.1,7.1,7.1
购物,initial(合生汇店),10,三星商户,无,翔殷路1099号合生汇2F,7.1,7.1,7.1
购物,华氏大药房,13,三星商户,无,政通路望湘园旁,7.1,7.1,7.1
购物,JucyJudy(扬族百货店),6,三星商户,无,淞沪路8号扬族百货3层,7.1,7.1,7.1
购物,李宁(巴黎春天五角场店),55,准四星商户,639,淞沪路1号巴黎春天7层,7.1,7.1,7.1
购物,Five Plus (百联又一城购物中心店),24,准四星商户,1084,淞沪路8号百联又一城购物中心2层,7.1,7.1,7.1
购物,ASOBIO(巴黎春天五角场店),147,四星商户,548,淞沪路1号巴黎春天B1层,7.5,7.5,7.1
购物,pancoat(合生汇店),12,准四星商户,无,翔殷路1099号合生汇B1,7.4,7.3,7.4
购物,华氏大药房(东方商厦店),3,准四星商户,无,四平路2500号东方商厦1层,7.5,7.5,7.1
购物,GXG(巴黎春天五角场店),50,准四星商户,989,淞沪路1号巴黎春天6层,7.4,7.3,7.4
购物,ag银加美饰(合生汇店),11,四星商户,无,翔殷路1099号合生汇B1层,7.5,7.5,7.1
购物,优之良品(百联又一城购物中心店),27,三星商户,55,淞沪路8号百联又一城购物中心B1层,7.4,7.3,7.4
购物,CHARLES & KEITH(巴黎春天五角场店),3,准四星商户,无,淞沪路1号巴黎春天B1层,7.5,7.5,7.1
购物,VANS(五角场巴黎春天店),5,三星商户,无,淞沪路1号6楼,7.4,7.3,7.4
购物,4inlook美目美佳隐形眼镜店（合生汇店)(合生汇店),28,准四星商户,426,翔殷路1099号合生汇B1层,7.5,7.5,7.1
购物,KATE(又一城店),5,准四星商户,无,淞沪路8号百联又一城内,7.4,7.3,7.4
购物,英氏(合生汇店),8,准四星商户,无,翔殷路1099号合生汇3层,7.5,7.5,7.1
购物,雷朋专卖店,2,四星商户,无,五角场万达广场B1楼,7.4,7.3,7.4
购物,TeenieWeenie(巴黎春天店),94,四星商户,1089,淞沪路1号巴黎春天4层,7.5,7.5,7.1
购物,belle(五角场又一城店),18,五星商户,无,淞沪路8号1楼,7.4,7.3,7.4
购物,RazerStore雷蛇(上海店),36,准四星商户,无,翔殷路1099号合生汇4楼L-24,7.5,7.5,7.1
购物,NIKE(百联又一城店),2,准四星商户,无,淞沪路8号百联又一城5层5F-16,7.5,7.5,7.1
购物,Clarks(百联又一城购物中心店),4,准四星商户,无,淞沪路8号百联又一城购物中心4层,7.5,7.5,7.1
购物,吴良材眼镜(合生汇店),35,准四星商户,无,翔殷路1099号合生汇B2,7.5,7.5,7.1
购物,进口超市,53,准四星商户,141,淞沪路77号万达广场1层,7.5,7.5,7.1
购物,BUOUBUOU(又一城店),2,准四星商户,无,淞沪路8号百联又一城购物中心,6.0,6.0,6.0
购物,POLOSPORT(合生汇店),4,准四星商户,无,翔殷路1099号合生汇4层,7.2,7.2,7.2
购物,芙儿优(百联又一城店),10,准四星商户,无,淞沪路8号百联又一城购物中心5楼,7.5,7.5,7.1
购物,ENZO(百联又一城购物中心店),29,准四星商户,无,淞沪路8号百联又一城购物中心1层,7.2,7.2,7.2
购物,MISS SIXTY(五角场万达国宾路店),1,二星商户,无,淞沪路77号万达广场B1层C-26号,6.0,6.0,6.0
购物,crocs(百联又一城店),19,三星商户,551,淞沪路8号百联又一城5层,6.0,6.0,6.0
购物,Sofina(巴黎春天店),48,三星商户,411,淞沪路1号巴黎春天1层,7.2,7.2,7.2
购物,谭木匠(特力时尚汇店),12,准四星商户,无,邯郸路600号特力时尚汇1层,6.0,6.0,6.0
购物,BeLLE(东方商厦杨浦店),39,准四星商户,357,四平路2500号东方商厦B1层,6.0,6.0,6.0
购物,理肤泉(五角场巴黎春天万达店),98,准四星商户,410,淞沪路1号,7.2,7.2,7.2
购物,左天奴(东方商厦店),1,准四星商户,无,四平路2500号东方商厦4层,6.0,6.0,6.0
购物,趣拿取货机,4,准四星商户,无,五角场百联又一城2楼,6.0,6.0,6.0
购物,flaglady(合生汇店),3,准四星商户,无,翔殷路1099号合生汇2层,7.2,7.2,7.2
购物,GRACO,无,三星商户,无,国滨路58号宝大祥青少年儿童购物中心F1,6.0,6.0,6.0
购物,Hush Pupies(巴黎春天五角场店),14,准四星商户,无,淞沪路1号巴黎春天5层,6.0,6.0,6.0
购物,黄色小鸭(百联又一城店),7,准四星商户,无,淞沪路8号5楼,7.2,7.2,7.2
购物,D:FUSE,23,准四星商户,769,淞沪路1号巴黎春天1层,6.0,6.0,6.0
购物,乔山健康科技,2,准四星商户,无,五角场巴黎春天6f专柜,6.0,6.0,6.0
购物,JACK&JONES(万达广场五角场店),12,准四星商户,无,淞沪路77号万达广场B1层,7.2,7.2,7.2
购物,Casio(巴黎春天店),5,准四星商户,无,淞沪路1号巴黎春天1层,7.2,7.2,7.2
购物,圣晶天然水晶(特力时尚汇店),165,准四星商户,474,邯郸路600号万达商业广场特力时尚汇2层,6.0,6.0,6.0
购物,Kidsland(合生汇店),11,三星商户,无,翔殷路1099号合生汇3F,7.2,7.2,7.2
购物,Columbia(淞沪路店),19,准四星商户,无,淞沪路1号巴黎春天内,7.2,7.2,7.2
购物,new balance kids(合生汇店),5,三星商户,无,黄兴路2228号,6.0,6.0,6.0
购物,美度(合生汇店),4,准四星商户,无,翔殷路1099号合生汇B1层68C,7.2,7.2,7.2
购物,手饰场(巴黎春天店),1,准四星商户,无,淞沪路1号巴黎春天3层,7.2,7.2,7.2
购物,PONY(巴黎春天店),7,三星商户,无,淞沪路1号五角场巴黎春天6楼,6.0,6.0,6.0
购物,ThinkPad4s体验店(百联又一城店),5,四星商户,无,五角场淞沪路8号百联又一城6F6-13,7.2,7.2,7.2
购物,乐智小天地(巴黎春天五角场店),11,三星商户,无,淞沪路1号巴黎春天B1层,7.2,7.2,7.2
购物,MICHAELKORS(百联又一城店),9,准四星商户,无,淞沪路8号百联又一城1层,7.0,6.9,6.6
购物,CalvinKlein(合生汇店),13,准四星商户,无,翔殷路1099号合生汇2层,7.0,6.9,6.6
购物,欧舒丹(五角场万达店),97,准四星商户,460,淞沪路77号五角场万达广场B1层C-02-1,7.0,6.9,6.6
购物,Salad(百联又一城店),15,四星商户,无,淞沪路8号百联又一城1层,7.0,6.9,6.6
购物,new era,2,四星商户,无,邯郸路600号五角场万达E座166,7.0,6.9,6.6
购物,VANS(百联又一城店),8,三星商户,无,淞沪路1号上海巴黎春天6层,7.0,6.9,6.6
购物,SEPHORA(万达店),148,三星商户,400,淞沪路77号万达广场1层,7.0,6.9,6.6
购物,知音琴行(百联又一城购物中心店),10,准四星商户,无,淞沪路8号百联又一城购物中心6层,7.0,6.9,6.6
购物,ETUDEHOUSE(合生汇店),52,准四星商户,128,翔殷路1099号合生汇B1,7.0,6.9,6.6
购物,奇妙花园(百联又一城店),6,准四星商户,无,淞沪路8号百联又一城6层6-13,7.5,7.3,7.5
购物,罗森(苏宁电器广场店),92,四星商户,13,邯郸路585号苏宁电器广场,7.0,6.9,6.6
购物,migaino(巴黎春天店),4,准四星商户,无,淞沪路1号巴黎春天3层,7.5,7.3,7.5
购物,FURLA(百联又一城店),8,准四星商户,无,淞沪路8号百联又一城1层1F-23,7.0,6.9,6.6
购物,花快送,1,准四星商户,无,政通路267号,7.5,7.3,7.5
购物,美珍香(五角场苏宁店),3,准四星商户,无,邯郸路585号苏宁电器B1层,7.0,6.9,6.6
购物,三父子专业拆旧水电工,2,三星商户,无,五角场,7.5,7.3,7.5
购物,BOBBIBROWN(百联又一城店),5,准四星商户,无,淞沪路8号百联又一城1层,7.0,6.9,6.6
购物,花冠鲜花(国宾路花店),32,准四星商户,129,邯郸路600号万,7.5,7.3,7.5
购物,SWAROVSKI(巴黎春天店),71,准四星商户,4739,淞沪路1号巴黎春天1层,7.0,6.9,6.6
购物,a02(扬族百货店),1,准四星商户,无,淞沪路8号扬族百货2层,7.5,7.3,7.5
购物,lovété(百联又一城购物中心店),1,准四星商户,无,淞沪路1号巴黎春天3层,7.5,7.3,7.5
购物,d'zzit(合生汇店),无,准四星商户,无,翔殷路1099号合生汇3层,7.0,7.0,6.6
购物,周大福(四平路东方商厦),91,准五星商户,4018,四平路2500号东方商厦一楼周大福专柜,7.0,7.0,6.6
购物,PIKOLINOS(百联又一城购物中心店),2,准四星商户,无,淞沪路8号百联又一城购物中心2层,7.5,7.3,7.5
购物,戴维贝拉,无,三星商户,无,国滨路58号宝大祥青少年儿童购物中心F1,7.0,7.0,6.6
购物,六福珠宝(巴黎春天店),63,准四星商户,1722,淞沪路1号巴黎春天1层,7.0,7.0,6.6
购物,teenmix天美意(五角场巴黎春天店),14,准四星商户,无,淞沪路1号五角场巴黎春天1楼,7.5,7.3,7.5
购物,全家便利店(黄兴路四店),35,准四星商户,28,四平路2500号,7.0,7.0,6.6
购物,宝宝睡旗舰店,7,准四星商户,无,翔殷路1099号合生国际广场B区2层20室,7.9,7.9,7.9
购物,SENDA森达(五角场巴黎春天店),2,准四星商户,无,松沪路1号巴黎春天1楼,7.5,7.3,7.5
购物,一代眼镜(合生汇店),21,三星商户,无,翔殷路1099号合生汇B2,7.0,7.0,6.6
购物,NICE CLAUP(合生汇店),8,准四星商户,无,黄兴路2228号合生国际广场3F03A,7.9,7.9,7.9
购物,包扮网智能电子礼品专家(巴黎春天五角场店),1,准四星商户,无,淞沪路1号巴黎春天B1层,7.5,7.3,7.5
购物,THE NORTH FACE(扬族百货店),1,三星商户,无,淞沪路8号百联又一城扬族百货5层,7.0,7.0,6.6
购物,La Chapelle(扬族百货店),16,准四星商户,323,淞沪路8号百联又一城扬族百货3层,7.9,7.9,7.9
购物,IGold(巴黎春天五角场店),4,三星商户,无,淞沪路1号巴黎春天B1层,7.5,7.3,7.5
购物,VERO MODA(扬族百货店),114,准四星商户,607,淞沪路8号100联又1城购物中心3层,7.0,7.0,6.6
购物,Timberland(合生汇店),6,准四星商户,无,翔殷路1099号合生汇B1,7.9,7.9,7.9
购物,乐眸眼镜(合生汇店),1,准四星商户,无,翔殷路1099号合生汇3层,7.5,7.3,7.5
购物,好孩子(五角场万达店),10,三星商户,无,邯郸路600号五角场万达商业广场宝大祥1楼,7.0,7.0,6.6
购物,NBA(万达广场五角场店),9,准四星商户,无,淞沪路77号万达广场B1层,7.9,7.9,7.9
购物,谦贝阁,1,准四星商户,无,淞沪路77号万达广场1层,7.5,7.3,7.5
购物,wacoal(巴黎春天五角场店),14,准四星商户,760,淞沪路1号巴黎春天4层,7.0,7.0,6.6
购物,LANEIGE兰芝(上海巴黎春天五角场店),113,四星商户,402,上海淞沪路1号,7.9,7.9,7.9
购物,Michael kors,无,准四星商户,无,翔殷路1099号合生汇,7.0,7.0,6.6
购物,Swatch(巴黎春天店),54,准四星商户,698,淞沪路1号巴黎春天1层,7.0,7.0,6.6
购物,Ajidou,97,准四星商户,123,中环路合生汇B1-54号,7.9,7.9,7.9
购物,ICICLE(百联又一城购物中心店),8,三星商户,无,淞沪路8号百联又一城购物中心2层2F-24,7.0,7.0,6.6
购物,SELECTED(合生汇店),无,准四星商户,无,翔殷路1099号合生汇3层,7.0,7.0,6.6
购物,bandgewoo阪织屋(万达广场五角场店),9,准四星商户,无,淞沪路77号万达广场B1层,7.9,7.9,7.9
购物,Calvin Klein(五角场万达ACC店),15,四星商户,无,国宾路58号地下一层C-19铺,7.9,7.9,7.9
购物,虎牌(百联又一城购物中心店),2,三星商户,无,淞沪路8号百联又一城购物中心6层,7.2,7.1,7.2
购物,BENSHERMAN(合生汇店),6,四星商户,无,翔殷路1099号合生汇1F,7.9,7.9,7.9
购物,Lagogo(巴黎春天店),5,准四星商户,无,淞沪路1号巴黎春天4层,7.2,7.1,7.2
购物,Lily商务时装(合生国际广场店),1,准四星商户,无,黄兴路2218号L3-08,7.9,7.9,7.9
购物,ECCO又一城男鞋店(百联又一城购物中心店),8,准四星商户,无,淞沪路8号百联又一城购物中心4层,7.2,7.1,7.2
购物,全家便利店(国济店),113,准四星商户,15,国济路与政旦东路交汇处,7.9,7.9,7.9
购物,SCHIESSER(百联又一城购物中心店),无,三星商户,无,淞沪路8号百联又一城购物中心4层,7.2,7.1,7.2
购物,CandyLab糖果研究室(百联又一城购物中心店),170,准四星商户,45,淞沪路8号百联又一城购物中心B1层,7.9,7.9,7.9
购物,MANDARINADUCK(合生汇店),3,准四星商户,无,翔殷路1099号合生汇1层,7.2,7.1,7.2
购物,wcloset(合生汇店),1,准四星商户,无,翔殷路1099号合生汇3层,7.9,7.9,7.9
购物,欧莱雅(大西洋店),16,准四星商户,无,翔殷路1128号大西洋百货内,7.2,7.1,7.2
购物,C.BANNER千百度(东方商厦杨浦店),4,准四星商户,无,四平路2500号东方商厦B1层,7.2,7.1,7.2
购物,衣架(合生汇店),4,准四星商户,无,翔殷路1099号合生汇2F,7.2,7.1,7.2
购物,ajidou(五角场万达店),33,准四星商户,126,政通路189号五角场万达特力时尚汇1-31号商铺,7.2,7.1,7.2
购物,love link(万达广场店),1,准四星商户,无,淞沪路77号万达广场B1层165号,7.2,7.1,7.2
购物,GEOX(百联又一城购物中心店),5,准四星商户,无,淞沪路8号百联又一城购物中心4层,7.2,7.1,7.2
购物,PASSTYLE(合生汇店),3,准四星商户,无,翔殷路1099号合生汇1层,7.2,7.1,7.2
购物,ACE(百联又一城购物中心店),59,准四星商户,4221,淞沪路8号百联又一城购物中心4层,7.2,7.1,7.2
购物,圣晶天然水晶(五角场万达店),2,准四星商户,无,淞沪路77号万达广场B1层108号,7.2,7.1,7.2
购物,Kipling 五角场万达(万达广场五角场店),9,准四星商户,无,淞沪路77号万达广场B1层,8.4,8.4,8.4
购物,花音集(五角场万达广场店),10,准四星商户,无,淞沪路77号万达广场A区B1层,8.4,8.4,8.4
购物,贺曼婴童服装(五角场宝大祥店),31,四星商户,385,国宾路58号宝大祥青少年儿童购物中心1楼,6.8,6.7,6.0
购物,TommyHilfiger(百联又一城店),22,三星商户,无,淞沪路8号百联又一城1层,8.4,8.4,8.4
购物,vivo体验店(五角场万达旗舰店),5,准四星商户,无,淞沪路77号万达广场,8.4,8.4,8.4
购物,谢瑞麟(百联又一城购物中心店),9,四星商户,无,淞沪路8号百联又一城购物中心1层,6.8,6.7,6.0
购物,全而廉水果 pure fruity(合生汇店),62,准四星商户,22,黄兴路2228号合生汇B2-09号,8.4,8.4,8.4
购物,FREDPERRY(合生汇店),6,三星商户,无,翔殷路1099号合生汇1层,8.4,8.4,8.4
购物,欧舒丹(百联又一城店),3,准四星商户,无,淞沪路8号百联又一城购物中心一楼,6.8,6.7,6.0
购物,曼妮芬(巴黎春天店),1,准四星商户,无,淞沪路1号巴黎春天4层,8.4,8.4,8.4
购物,izzue(百联又一城购物中心店),17,准四星商户,无,淞沪路8号,8.4,8.4,8.4
购物,BASTO(五角场巴黎春天店),45,五星商户,820,淞沪路1号五角场巴黎春天1楼,6.8,6.7,6.0
购物,膳魔师(五角场店),13,三星商户,无,政通路189号特力时尚汇3楼,8.4,8.4,8.4
购物,PRICH(五角场万达店),9,准四星商户,无,淞沪路77号万达广场B1层,6.8,6.7,6.0
购物,suunto颂拓(合生汇店),7,准四星商户,无,翔殷路1099号合生汇1层,6.8,6.7,6.0
购物,欧缇丽,19,准四星商户,无,淞沪路8号百联又一城商厦新世纪百货1楼,8.4,8.4,8.4
购物,SK-II(巴黎春天五角场店),16,准四星商户,无,淞沪路1号巴黎春天1层,6.8,6.7,6.0
购物,始祖鸟,11,准四星商户,无,五角场翔殷路1099号合生汇1楼,6.8,6.7,6.0
购物,上海烟草集团名烟名酒店(四平路店),2,三星商户,无,四平路2539号,8.4,8.4,8.4
购物,三夫户外用品(五角场店),63,准四星商户,900,邯郸路391号,6.8,6.7,6.0
购物,SKECHERS(巴黎春天店),15,准四星商户,无,淞沪路1号巴黎春天6层,6.8,6.7,6.0
购物,老凤祥(东方商厦杨浦店),106,准四星商户,4065,四平路2500号东方商厦1层,8.4,8.4,8.4
购物,Dr.Kong江博士健康鞋(合生店),4,四星商户,无,翔殷路1099号3楼20B号,6.8,6.7,6.0
购物,giordano ladies(合生国际店),1,准四星商户,无,翔殷路1099号合生国际2楼28号,6.8,6.7,6.0
购物,Jurlique(巴黎春天五角场店),10,准四星商户,无,淞沪路1号巴黎春天B1层,8.4,8.4,8.4
购物,rog玩家国度(合生汇店),5,四星商户,无,翔殷路1099号合生汇4层,6.8,6.7,6.0
购物,全家衣仓(五角场店),5,准四星商户,无,四平路2500号金岛大厦1401室,7.4,7.1,7.7
购物,OSIM(百联又一城店),2,三星商户,无,淞沪路8号百联又一城5层,8.4,8.4,8.4
购物,Reebok(合生汇店),3,准四星商户,无,翔殷路1099号合生汇B1层,6.8,6.7,6.0
购物,卡文(巴黎春天店),3,准四星商户,无,淞沪路1号巴黎春天1层,7.4,7.1,7.7
购物,C.BANNER千百度(百联又一城店),26,准四星商户,495,淞沪路8号百联又一城购物中心内,7.4,7.1,7.7
购物,veromoda(合生汇店),1,准四星商户,无,翔殷路1099号合生汇2层,7.4,7.1,7.7
购物,JOY&MARIO,4,准四星商户,无,百联又一城5楼,7.4,7.1,7.7
购物,OLAY(百联又一城店),23,准四星商户,185,淞沪路8号百联又一城购物中心B1楼,7.4,7.1,7.7
购物,SATMODE(合生综店),1,准四星商户,无,翔殷路1099号,7.4,7.1,7.7
购物,谢瑞麟(巴黎春天店),4,四星商户,无,淞沪路1号巴黎春天1层,7.7,7.7,7.5
购物,SHINE(巴黎春天五角场店),1,准四星商户,无,淞沪路1号巴黎春天B1层,7.4,7.1,7.7
购物,Roem(扬族百货店),36,准四星商户,1045,淞沪路8号百联又一城扬族百货3层,7.7,7.7,7.5
购物,爱美丽(巴黎春天五角场店),10,准四星商户,无,淞沪路1号巴黎春天4层,7.4,7.1,7.7
购物,newbalance(合生汇店),9,三星商户,无,翔殷路1099号合生汇B1层11,7.7,7.7,7.5
购物,膳魔师(东方商厦店),1,三星商户,无,四平路2500号东方商厦B1层,7.4,7.1,7.7
购物,巴黎三城(特力时尚汇店),60,准四星商户,836,邯郸路600号万达商业广场特力时尚汇2层,7.7,7.7,7.5
购物,天农改衣,1,准四星商户,无,淞沪路1号巴黎春天F7,7.4,7.1,7.7
购物,全家便利店(国定路三店),32,准四星商户,21,国定路260号,7.7,7.7,7.5
购物,L'OREAL(东方商厦店),无,准四星商户,无,四平路2500号东方商厦1层,7.4,7.1,7.7
购物,SCOFIELD(巴黎春天五角场店),1,三星商户,无,淞沪路1号巴黎春天5层,7.7,7.7,7.5
购物,weekend(合生汇店),无,准四星商户,无,翔殷路1099号合生汇1层,7.4,7.1,7.7
购物,H:CONNECT(扬族百货店),7,三星商户,无,淞沪路8号扬族百货2层,7.7,7.7,7.5
购物,三个国王,1,准四星商户,无,邯郸路600号第一食品商店,7.4,7.1,7.7
购物,佰草集(合生汇店),19,准四星商户,无,翔殷路1099号合生汇B1层,7.7,7.7,7.5
购物,LaChapelle(东方商厦店),7,准四星商户,无,四平路2500号东方商厦2层,7.7,7.7,7.5
购物,eifini(合生汇店),8,准四星商户,无,黄兴路2228号,7.7,7.9,7.0
购物,L'amavo乐睦唯奢侈品概念店(百联又一城购物中心店),14,准四星商户,无,淞沪路8号百联又一城购物中心1层,7.1,6.8,6.8
购物,JanSport(巴黎春天店),7,准四星商户,无,淞沪路1号巴黎春天6层,7.7,7.7,7.5
购物,美度(巴黎春天店),6,准四星商户,1914,淞沪路1号巴黎春天1层,7.1,6.8,6.8
购物,ONLY(合生汇店),12,准四星商户,无,翔殷路1099号合生汇3层,7.7,7.9,7.0
购物,Zippo(百联又一城店),3,三星商户,无,淞沪路8号百联又一城4层,7.7,7.7,7.5
购物,chaps(百联又一城店),2,准四星商户,无,淞沪路8号百联又一城1层,7.1,6.8,6.8
购物,lookoptical(巴黎春天五角场店),12,准四星商户,692,淞沪路1号巴黎春天B1层,7.7,7.9,7.0
购物,VENTI(巴黎春天五角场店),2,四星商户,无,淞沪路1号巴黎春天3层,7.7,7.7,7.5
购物,vivo,2,准四星商户,无,邯郸路585号苏宁电器1楼,7.1,6.8,6.8
购物,b+ab(合生汇店),15,准四星商户,无,黄兴路2228号上海合生国际广场地下一层B1-06-07-08号房屋,7.7,7.9,7.0
购物,BanilaCo(合生汇店),5,准四星商户,无,翔殷路1099号合生汇B1层,7.7,7.7,7.5
购物,爱森优选(国定路店),4,准四星商户,无,国定路127号,7.1,6.8,6.8
购物,Lily商务时装(巴黎春天五角场店),2,准四星商户,无,淞沪路1号巴黎春天3层,7.7,7.9,7.0
购物,ONLY(巴黎春天五角场店),188,三星商户,548,淞沪路1号巴黎春天B1层,7.7,7.7,7.5
购物,uscen,4,准四星商户,无,淞沪路77号万达广场B1层,7.1,6.8,6.8
购物,Super Heroes(万达广场五角场店),78,准四星商户,200,淞沪路77号万达广场B1层,7.7,7.9,7.0
购物,MAJESTIC LEGON,3,准四星商户,无,黄兴路2228号上海合生国际广场三层40B,7.7,7.9,7.0
购物,Justcavalli(合生汇店),2,准四星商户,无,翔殷路1099号合生汇1层,7.1,6.8,6.8
购物,Etam(特力时尚汇店),74,准四星商户,384,政通路189号1楼上海特力时尚汇,7.7,7.9,7.0
购物,NIKE KIDS(百联又一城购物中心店),13,三星商户,无,淞沪路8号百联又一城购物中心5层,7.7,7.9,7.0
购物,格兰玛弗兰(合生汇店),4,准四星商户,无,翔殷路1099号合生汇B1层50B,7.1,6.8,6.8
购物,new balance(万达广场五角场店),21,准四星商户,717,淞沪路77号万达广场B1层,7.7,7.9,7.0
购物,Timberland(百联又一城购物中心店),9,准四星商户,无,淞沪路8号百联又一城购物中心5层,7.7,7.9,7.0
购物,coincide(东方商厦店),1,准四星商户,无,四平路2500号东方商厦2层,7.1,6.8,6.8
购物,vs假发(合生汇店),3,四星商户,无,五角场翔殷路1099号合生汇二楼02,7.7,7.9,7.0
购物,SLY(合生汇店),2,准四星商户,无,翔殷路1099号合生汇,7.7,7.9,7.0
购物,逸红颜(扬族百货店),1,准四星商户,无,淞沪路8号扬族百货3层,7.1,6.8,6.8
购物,Lus Studio 韩国女装,35,准五星商户,无,国宾路18号万达A座对面,7.7,7.9,7.0
购物,宝罗莉卡(百联又一城店),6,准四星商户,无,淞沪路8号百联又一城2层,7.1,6.8,6.8
购物,a02(特力时尚汇店),40,准四星商户,1094,邯郸路600号特力时尚汇1层,7.0,7.0,7.0
购物,斯科菲尔德(百联又一城购物中心店),27,准四星商户,2083,淞沪路8号百联又一城购物中心1层,7.1,6.8,6.8
购物,迪桑娜(合生汇店),3,准四星商户,无,翔殷路1099号合生汇2层,7.0,7.0,7.0
购物,艾丽斯花坊(邯郸路店),7,准四星商户,无,淞沪路77号万达广场A区1层,7.1,6.8,6.8
购物,Triumph(巴黎春天五角场店),68,准四星商户,794,淞沪路1号巴黎春天4层,7.0,7.0,7.0
购物,爱德兰丝(百联又一城店),1,准四星商户,无,淞沪路8号百联又一城6层,7.1,6.8,6.8
购物,Honeys(扬族百货店),1,三星商户,无,淞沪路8号扬族百货3层,7.0,7.0,7.0
购物,喜眠,18,准四星商户,无,国宾路58号宝大祥1楼,7.0,7.0,7.0
购物,NATURE REPUBLIC自然乐园(万达广场五角场店),21,准四星商户,288,淞沪路77号万达广场B1层,7.0,7.0,7.0
购物,POLOSPORT(特力时尚汇店),3,准四星商户,无,邯郸路600号特力时尚汇2层,7.0,7.0,7.0
购物,新世纪食品城(百联又一城店),245,四星商户,134,淞沪路8号百联又一城B1楼,7.0,7.0,7.0
购物,海烟,无,三星商户,无,淞沪路111号黄金珠宝城1楼,7.0,7.0,7.0
购物,BURANDO ENO(合生汇店),6,准四星商户,无,翔殷路1099号合生汇B1,7.0,7.0,7.0
购物,戴尔电脑上海体验中心,3,三星商户,无,邯郸路365号颐高数码广场1楼A108,7.0,7.0,7.0
购物,STELLA LUNA(巴黎春天五角场店),12,准四星商户,无,淞沪路1号巴黎春天1层,7.0,7.0,7.0
购物,G-Star Raw,无,准四星商户,无,淞沪路77号B1109,7.0,7.0,7.0
购物,米喜迪(巴黎春天五角场店),2,准四星商户,无,淞沪路1号巴黎春天B1层,7.3,7.3,7.3
购物,华钟袜子(巴黎春天五角场店),无,准四星商户,无,淞沪路1号巴黎春天4层,7.0,7.0,7.0
购物,茜施尔(杨浦店),8,准四星商户,无,五角场国济路20号环东服饰2楼2113室,7.3,7.3,7.3
购物,ABLEJEANS(巴黎春天店),11,三星商户,无,淞沪路1号巴黎春天6层,7.3,7.3,7.3
购物,蹀愫(巴黎春天店),3,准四星商户,无,淞沪路1号巴黎春天1层,7.3,7.3,7.3
购物,HIPANDBONE(合生汇店),1,准四星商户,无,翔殷路1099号合生汇1层,7.2,7.2,7.2
购物,LEE COOPER(五角场店),无,三星商户,无,淞沪路1号巴黎春天6F,7.3,7.3,7.3
购物,亨达利钟表(万达店),13,准四星商户,无,淞沪路77号万达广场1层,7.3,7.3,7.3
购物,SATURDAYMODE(合生汇店),1,准四星商户,无,翔殷路1099号合生汇2层,7.2,7.2,7.2
购物,悠品鲜果,4,准四星商户,12,邯郸路399号,7.3,7.3,7.3
购物,快乐屋(百联又一城购物中心店),2,准四星商户,无,淞沪路8号百联又一城购物中心5层,7.2,7.2,7.2
购物,曼古银(百联又一城购物中心店),12,准四星商户,无,淞沪路8号百联又一城购物中心1层,7.2,7.2,7.2
购物,万达商业广场都市菜园柜台,2,准四星商户,无,邯郸路600号万达商业广场2楼第一食品光明专区都市菜园柜台,7.3,7.3,7.3
购物,美宝莲纽约(巴黎春天店),43,准四星商户,123,大华一路与真华路交口巴黎春天1层,7.2,7.2,7.2
购物,APPLESHOP(百联又一城店),3,准四星商户,无,淞沪路8号百联又一城5层,7.2,7.2,7.2
购物,Discovery(巴黎春天五角场店),无,三星商户,无,淞沪路1号巴黎春天7层,7.3,7.3,7.3
购物,MON FRI 同道大叔(巴黎春天五角场店),3,准四星商户,无,淞沪路1号巴黎春天B1层,7.2,7.2,7.2
购物,ecco(东方商厦杨浦店),3,准四星商户,无,四平路2500号东方商厦4层,7.2,7.2,7.2
购物,franz(东方商厦杨浦店),2,准四星商户,无,四平路2500号东方商厦1层,7.3,7.3,7.3
购物,Lily商务时装(东方商厦杨浦店),9,准四星商户,无,四平路2500号东方商厦2楼,7.2,7.2,7.2
购物,C31ROTC(百联又一城店),1,准四星商户,无,淞沪路8号百联又一城4层4F-8,7.2,7.2,7.2
购物,HAMILTON(五角场东方商厦店),2,三星商户,无,四平路2500号东方商厦1楼,7.3,7.3,7.3
购物,JOY&MARIO(特力时尚汇店),1,准四星商户,无,邯郸路600号万达商业广场特力时尚汇1层,7.2,7.2,7.2
购物,轩尼诗(东方商厦杨浦店),1,准四星商户,无,四平路2500号东方商厦1层,7.2,7.2,7.2
购物,Reebok(扬族百货店),7,三星商户,无,淞沪路8号百联又一城扬族百货5层,7.3,7.3,7.3
购物,OMEGA(东方商厦店),6,三星商户,无,四平路2500号东方商厦1层,7.2,7.2,7.2
购物,塔思琦,1,准四星商户,无,淞沪路8号百联又一城购物中心1层,7.2,7.2,7.2
购物,Ao2(百联又一城店),9,准四星商户,无,政通路189号特力时尚汇L1,7.3,7.3,7.3
购物,蔓楼兰(百联又一城购物中心店),12,准四星商户,3845,淞沪路8号百联又一城购物中心2层,7.2,7.2,7.2
购物,酷乐潮玩,无,准四星商户,无,万达广场B1,7.2,7.2,7.2
购物,衣架(五角场巴黎春天店),2,准四星商户,无,淞沪路1号巴黎春天F3,7.3,7.3,7.3
购物,松下(东方商厦店),2,准四星商户,无,四平路2500号东方商厦B1层,7.2,7.2,7.2
购物,伊伴(巴黎春天五角场店),8,准四星商户,无,淞沪路1号巴黎春天1层,7.2,7.2,7.2
购物,TKFSPASSO(合生汇店),8,准四星商户,无,翔殷路1099号合生汇B1层,7.2,7.2,7.2
购物,JACK&JONES(扬族百货店),89,准四星商户,735,淞沪路8号百联又一城扬族百货4层,7.2,7.2,7.2
购物,时尚小熊,1,准四星商户,无,五角场淞沪路,7.2,7.2,7.2
购物,Orange Design,1,准四星商户,无,邯郸路399号红街内,7.2,7.2,7.2
购物,甲乙丙丁,12,准四星商户,291,国定路华氏大药房旁,7.2,7.2,7.2
购物,PUKKA(东方商厦店),4,准四星商户,无,四平路2500号东方商厦3层,7.2,7.2,7.2
购物,Miji(东方商厦店),1,准四星商户,无,四平路2500号东方商厦B1层,7.2,7.2,7.2
购物,TATA(杨浦东方商厦店),10,准四星商户,无,四平路2500号东方商厦B1楼,7.2,7.2,7.2
购物,蓝棠(东方商厦杨浦店),1,准四星商户,无,四平路2500号东方商厦B1层,7.2,7.2,7.2
购物,LAMPO蓝豹(百联又一城购物中心店),12,三星商户,无,淞沪路8号百联又一城购物中心4层,7.2,7.2,7.2
购物,MINGR明牌珠宝(巴黎春天店),1,准四星商户,无,淞沪路1号巴黎春天1层,7.2,7.2,7.2
购物,blugirl(合生汇店),无,准四星商户,无,翔殷路1099号合生汇1层,7.2,7.2,7.2
购物,崇明农庄果行(邯郸店),4,准四星商户,无,邯郸路399号,7.2,7.2,7.2
购物,ete!(合生国际店),无,准四星商户,无,黄兴路2228号上海合生国际广场地下一层B1-06-07-08号房屋,7.2,7.2,7.2
购物,UGIZ(巴黎春天店),1,准四星商户,无,淞沪路1号巴黎春天4层,7.2,7.2,7.2
购物,caroline(巴黎春天店),2,准四星商户,无,淞沪路1号巴黎春天2层,7.2,7.2,7.2
购物,Bata(杨浦东方商厦店),1,准四星商户,无,四平路2500号杨浦东方商厦B1楼,7.2,7.2,7.2
购物,食家物语(又一城店),12,准四星商户,无,淞沪路8号百联又一城购物中心B1楼,7.2,7.2,7.2
购物,GIORDANO佐丹奴(扬族百货店),6,准四星商户,无,淞沪路8号扬族百货4层,7.2,7.2,7.2
购物,jackjones男装店(合生汇店),无,准四星商户,无,翔殷路1099号合生汇4层,7.2,7.2,7.2
购物,Paul Frank(五角场巴黎春天店),12,准四星商户,无,淞沪路1号巴黎春天B1层,7.2,7.2,7.2
购物,AUPRES(东方商厦店),3,准四星商户,无,四平路2500号东方商厦1层,7.0,6.9,6.8
购物,GALADAY(五角场巴春店),4,准四星商户,无,邯郸路600号万达商业广场巴黎春天1楼,7.5,7.1,7.1
购物,象印(东方商厦杨浦店),无,准四星商户,无,四平路2500号东方商厦B1层,7.2,7.2,7.2
购物,ZIOZIA(扬族百货店),2,准四星商户,无,淞沪路8号扬族百货4层,7.0,6.9,6.8
购物,七匹狼(大西洋百货内店),无,准四星商户,无,翔殷路1128号沪东金融大厦5楼,7.5,7.1,7.1
购物,环东服饰礼品市场,78,准四星商户,128,国济路20号环东市场内,7.2,7.2,7.2
购物,季候风(巴黎春天五角场店),7,准四星商户,无,淞沪路1号巴黎春天3层,7.0,6.9,6.8
购物,BouJeloud(巴黎春天店),1,准四星商户,无,淞沪路1号巴黎春天3层,7.5,7.1,7.1
购物,PLORY(扬族百货店),12,准四星商户,无,淞沪路8号扬族百货4层,7.2,7.2,7.2
购物,uin(合生汇店),无,准四星商户,无,翔殷路1099号合生汇2F,7.0,6.9,6.8
购物,屈臣氏(苏宁电器广场店),22,三星商户,75,邯郸路585号苏宁电器广场内,7.5,7.1,7.1
购物,BESIONIA(合生汇店),无,准四星商户,无,翔殷路1099号合生汇1层,7.0,6.9,6.8
购物,ET BOITE,3,准四星商户,无,五角场巴黎春天3楼,7.0,6.9,6.8
购物,linc,无,准四星商户,无,翔殷路1111号,7.5,7.1,7.1
购物,专业配置戴尔高端游戏台式电脑,无,准四星商户,无,五角场淞沪路98号,7.0,6.9,6.8
购物,富泽商店,无,准四星商户,无,翔殷路1099号B2楼blt超市内,7.0,6.9,6.8
购物,sofeya,无,准四星商户,无,翔殷路1099号合生汇2楼,7.5,7.1,7.1
购物,GeN(大西洋百货店),9,准四星商户,无,翔殷路1128号大西洋百货2层,7.0,6.9,6.8
购物,DPHONE(百联又一城店),1,准四星商户,无,淞沪路8号百联又一城B1层B1-20,7.0,6.9,6.8
购物,SapinIere(巴黎春天店),无,三星商户,无,淞沪路1号巴黎春天1层,7.5,7.1,7.1
购物,j!ns(合生汇店),无,准四星商户,无,翔殷路1099号合生汇B1层,7.0,6.9,6.8
购物,ESCADASPORT(合生汇店),无,准四星商户,无,翔殷路1099号合生汇1层,7.5,7.1,7.1
购物,PANDORN,1,准四星商户,无,政通路189号特力时尚汇B1层C-11-2,7.5,7.1,7.1
购物,祺（合生汇店）(合生汇店),无,准四星商户,无,翔殷路1099号合生汇B1,7.0,6.9,6.8
购物,狸小意,无,准四星商户,无,翔殷路1099号合生汇B2,7.5,7.1,7.1
购物,澳人坊(万达店),12,准四星商户,37,淞沪路77号万达广场1层,7.5,7.1,7.1
购物,toutàcoup(合生国际店),无,准四星商户,无,黄兴路2228号上海合生国际广场地下一层B1-06-07-08号房屋,7.0,6.9,6.8
购物,MESUX(巴黎春天店),3,准四星商户,无,淞沪路1号巴黎春天3层,7.5,7.1,7.1
购物,诗托斐尔(大西洋百货店),3,准四星商户,无,翔殷路1128号大西洋百货3层,7.5,7.1,7.1
购物,进口食品,4,准四星商户,无,淞沪路8号百联又一城购物中心B1层18-21号,7.5,7.1,7.1
购物,奥卡索(东方商厦店),6,准四星商户,333,四平路2500号东方商厦B1层,7.1,7.1,7.1
购物,sweet,无,准四星商户,无,淞沪路98-18号,7.1,7.1,7.1
购物,Salute,无,准四星商户,无,翔殷路1099号合生汇F3,7.1,7.1,7.1
购物,TISSOT(巴黎春天店),17,三星商户,4671,淞沪路1号巴黎春天1层,7.1,7.1,7.1
购物,lavender,无,准四星商户,无,翔殷路1099号B1F,7.1,7.1,7.1
购物,KAILAS(扬族百货店),1,准四星商户,无,淞沪路8号扬族百货5层,7.1,7.1,7.1
购物,PRECIS,1,准四星商户,无,万达广场,7.1,7.1,7.1
购物,Kolumb(又一城店),2,准四星商户,无,淞沪路8号百联又一城5楼运动休闲区,7.1,7.1,7.1
购物,KH Design,1,准四星商户,无,淞沪路百联又一城5楼,7.1,7.1,7.1
购物,dr·hong(合生汇店),无,准四星商户,无,翔殷路1099号合生汇3F,7.1,7.1,7.1
购物,真美诗(合生汇店),无,准四星商户,无,翔殷路1099号合生汇F2,7.1,7.1,7.1
购物,赫莲娜(百联又一城店),6,准四星商户,无,淞沪路8号百联又一城2层2F-5,7.1,6.9,7.0
购物,乾唐轩(东方商厦店),1,准四星商户,无,四平路2500号东方商厦1层,7.1,7.1,7.1
购物,VDP(合生汇店),无,准四星商户,无,翔殷路1099号合生汇1层,7.1,6.9,7.0
购物,DIDIBOY,3,准四星商户,无,淞沪路8号百联又一城购物中心4楼15室,7.1,7.1,7.1
购物,靓脚丫鞋类批发城,2,准四星商户,无,中环路喜士多旁,7.1,6.9,7.0
购物,1·2·3服装店,无,准四星商户,无,翔殷路1153号附近,7.1,7.1,7.1
购物,雅朵(大西洋百货店),3,准四星商户,无,翔殷路1128号大西洋百货3层,7.1,6.9,7.0
购物,ClothScenery(巴黎春天店),4,三星商户,无,淞沪路1号巴黎春天3层,7.1,6.9,7.0
购物,D.yoo lady,3,准四星商户,无,邯郸路600号万达商业广场B1楼,7.1,6.9,7.0
购物,LoveMagic(大西洋百货店),2,准四星商户,无,翔殷路1128号大西洋百货2层,7.1,6.9,7.0
购物,CANTORP(扬族百货店),2,准四星商户,无,淞沪路8号扬族百货5层,7.1,6.9,7.0
购物,as女鞋店(巴黎春天店),11,准四星商户,921,淞沪路1号巴黎春天1层,7.1,6.9,7.0
购物,obdear,1,准四星商户,无,五角场合生汇广场B1,7.1,6.9,7.0
购物,KAKO(百联又一城店),4,准四星商户,无,淞沪路8号百联又一城3层3F-14,7.1,6.9,7.0
购物,思乐得生活馆(合生汇店),1,准四星商户,无,翔殷路1099号合生汇B2层28B,7.1,6.9,7.0
购物,sefon臣枫(巴黎春天店),1,准四星商户,无,淞沪路1号巴黎春天2层,7.1,6.9,7.0
购物,诗篇(百联又一城店),1,准四星商户,无,淞沪路8号百联又一城3层3F-17,7.1,6.9,7.0
